/*
SQLyog Ultimate v11.11 (64 bit)
MySQL - 5.5.8-log : Database - department
*********************************************************************
*/

/*!40101 SET NAMES utf8 */;

/*!40101 SET SQL_MODE=''*/;

/*!40014 SET @OLD_UNIQUE_CHECKS=@@UNIQUE_CHECKS, UNIQUE_CHECKS=0 */;
/*!40014 SET @OLD_FOREIGN_KEY_CHECKS=@@FOREIGN_KEY_CHECKS, FOREIGN_KEY_CHECKS=0 */;
/*!40101 SET @OLD_SQL_MODE=@@SQL_MODE, SQL_MODE='NO_AUTO_VALUE_ON_ZERO' */;
/*!40111 SET @OLD_SQL_NOTES=@@SQL_NOTES, SQL_NOTES=0 */;
CREATE DATABASE /*!32312 IF NOT EXISTS*/`department` /*!40100 DEFAULT CHARACTER SET latin1 */;

USE `department`;

/*Table structure for table `b_2` */

DROP TABLE IF EXISTS `b_2`;

CREATE TABLE `b_2` (
  `srno` int(11) NOT NULL,
  `Rollno` varchar(11) NOT NULL,
  `SAP` text NOT NULL,
  `Name` varchar(50) NOT NULL,
  `SP` int(11) NOT NULL,
  `OS` int(11) NOT NULL,
  `ADC` int(11) NOT NULL,
  `CN` int(11) NOT NULL,
  `COA` int(11) NOT NULL,
  `EM` int(11) NOT NULL,
  `ES` int(11) NOT NULL,
  `COI` int(11) NOT NULL
) ENGINE=InnoDB DEFAULT CHARSET=latin1;

/*Data for the table `b_2` */

insert  into `b_2`(`srno`,`Rollno`,`SAP`,`Name`,`SP`,`OS`,`ADC`,`CN`,`COA`,`EM`,`ES`,`COI`) values (0,'B301','71201120027','SHEFALI BABULAL NATHA',0,0,0,0,0,0,0,0),(0,'B302','71201120033','CHANDRANI RANJIT ROY',0,0,0,0,0,0,0,0),(0,'B303','71202120001','GEETIKA RAJEHS KUMAR .',0,0,0,0,0,0,0,0),(0,'B304','71202120002','KARTIK RAVINDER AGARWAL',0,0,0,0,0,0,0,0),(0,'B305','71202120003','PRIYA SHIVKUMAR AGARWAL',0,0,0,0,0,0,0,0),(0,'B306','71202120004','HIMANSHU BHUSHANLAL ANEJA',0,0,0,0,0,0,0,0),(0,'B307','71202120005','OSHIN ATISH BANERJEE',0,0,0,0,0,0,0,0),(0,'B308','71202120006','ELORA SUBHANKAR BASU',0,0,0,0,0,0,0,0),(0,'B309','71202120007','KUNAL VILAS BHAKARE',0,0,0,0,0,0,0,0),(0,'B310','71202120008','SARANSH RAJ BHANDARI',0,0,0,0,0,0,0,0),(0,'B311','71202120009','SAMEER RAJESH BHATT',0,0,0,0,0,0,0,0),(0,'B312','71202120010','SANKALP ATUL CHACHAD',0,0,0,0,0,0,0,0),(0,'B313','71202120011','GARIMA CHETRAM CHAUDHARY',0,0,0,0,0,0,0,0),(0,'B314','71202120012','VITISHA VINEET CHHAJED',0,0,0,0,0,0,0,0),(0,'B315','71202120013','DISHA DILIP AGRAWAL',0,0,0,0,0,0,0,0),(0,'B316','71202120014','ADITYA SANJAY DIMRI',0,0,0,0,0,0,0,0),(0,'B317','71202120015','SAYANTAN SAMIRAN GHOSH',0,0,0,0,0,0,0,0),(0,'B318','71202120016','POOJA RAMESH GOLAIT',0,0,0,0,0,0,0,0),(0,'B319','71202120017','GARRISON GURUVINDEV GREWAL',0,0,0,0,0,0,0,0),(0,'B320','71202120018','RISHABH PAWAN GUPTA',0,0,0,0,0,0,0,0),(0,'B321','71202120019','AASTHA BRIJMOHAN INANI',0,0,0,0,0,0,0,0),(0,'B322','71202120020','ROHIT THANGARAJ JONES',0,0,0,0,0,0,0,0),(0,'B323','71202120021','ADITYA SUNIL JOSHI',0,0,0,0,0,0,0,0),(0,'B324','71202120022','HARSHAL JYOTIBHAI LUNAGARIA',0,0,0,0,0,0,0,0),(0,'B325','71202120023','RUJUL HIREN KAPADIA',0,0,0,0,0,0,0,0),(0,'B326','71202120024','KANAN PAWAN KAPOOR',0,0,0,0,0,0,0,0),(0,'B327','71202120025','RACHIT PRADEEP KAPOOR',0,0,0,0,0,0,0,0),(0,'B328','71202120026','VATSAL PRADEEP KHANDELWAL',0,0,0,0,0,0,0,0),(0,'B329','71202120027','NAMRATA RAJESH BABU KHARE',0,0,0,0,0,0,0,0),(0,'B330','71202120028','PRAKHAR PIYUSH KHARE',0,0,0,0,0,0,0,0),(0,'B331','71202120029','ROHIT BIJESH KUMAR',0,0,0,0,0,0,0,0),(0,'B332','71202120030','ANISHA MAHADEO KUMARI',0,0,0,0,0,0,0,0),(0,'B333','71202120031','SONAM KAMLESH KUMARI',0,0,0,0,0,0,0,0),(0,'B334','71202120032','TRISHANK VIJAY KUMBHARE',0,0,0,0,0,0,0,0),(0,'B335','71202120033','MANSHITA PANKAJ MEHTA',0,0,0,0,0,0,0,0),(0,'B336','71202120034','TUSHAR SURINDER MOHAN MEHTA',0,0,0,0,0,0,0,0),(0,'B337','71202120035','JAGANNATH MOHANTA BELEL',0,0,0,0,0,0,0,0),(0,'B338','71202120036','JAI SHAILESH PATEL',0,0,0,0,0,0,0,0),(0,'B339','71202120037','NIKESH AKSHAY PATEL',0,0,0,0,0,0,0,0),(0,'B340','71202120038','CHARVI PULKIT VIRANI',0,0,0,0,0,0,0,0),(0,'B341','71202120039','SHUBHAM KRISHAN GOPAL RAICHANDEL',0,0,0,0,0,0,0,0),(0,'B342','71202120040','SWAPNIL RAJESH KUMAR SAHU',0,0,0,0,0,0,0,0),(0,'B343','71202120041','SWAPNIL GOVIND SARAN',0,0,0,0,0,0,0,0),(0,'B344','71202120042','CHIRAG SANJAY SHAH',0,0,0,0,0,0,0,0),(0,'B345','71202120043','ANKIT ARVIND SHARMA',0,0,0,0,0,0,0,0),(0,'B346','71202120044','AYUSHI NARENDER KUMAR SHARMA',0,0,0,0,0,0,0,0),(0,'B347','71202120045','RICHA HARISHBHAI SHARMA',0,0,0,0,0,0,0,0),(0,'B348','71202120046','RISHI NARESH SHARMA',0,0,0,0,0,0,0,0),(0,'B349','71202120047','AYUSHI SATYENDRA SINGH',0,0,0,0,0,0,0,0),(0,'B350','71202120048','SAGARIKA SHAILESH SINGH',0,0,0,0,0,0,0,0),(0,'B351','71202120049','UTTASARGA RAJENDRA SINGH',0,0,0,0,0,0,0,0),(0,'B352','71202120050','ANCHIT AAKASH ROHIT SINHA',0,0,0,0,0,0,0,0),(0,'B353','71202120051','SNEHA ALOK SINHA',0,0,0,0,0,0,0,0),(0,'B354','71202120052','SIDDHARTH SUDHIR SONI',0,0,0,0,0,0,0,0),(0,'B355','71202120053','DHRUV MANOHAR SONKUSALE',0,0,0,0,0,0,0,0),(0,'B356','71202120055','GAURAV SHIVSHANKAR TRIPATHI',0,0,0,0,0,0,0,0),(0,'B357','71202120056','SHRUTI BHUWAN CHANDRA UPRETI',0,0,0,0,0,0,0,0),(0,'B358','71202120057','BHAUMIK NITIN VANZARA',0,0,0,0,0,0,0,0),(0,'B359','71202120058','PRITHVI VENKATACHALAM .',0,0,0,0,0,0,0,0),(0,'B360','71202120059','NITIN PARMESHWAR VERMA',0,0,0,0,0,0,0,0);

/*Table structure for table `b_22` */

DROP TABLE IF EXISTS `b_22`;

CREATE TABLE `b_22` (
  `srno` int(11) NOT NULL AUTO_INCREMENT,
  `Rollno` varchar(11) NOT NULL,
  `SAP` text NOT NULL,
  `Name` varchar(50) NOT NULL,
  `SP` int(11) NOT NULL,
  `OS` int(11) NOT NULL,
  `ADC` int(11) NOT NULL,
  `CN` int(11) NOT NULL,
  `COA` int(11) NOT NULL,
  `EM` int(11) NOT NULL,
  `ES` int(11) NOT NULL,
  `COI` int(11) NOT NULL,
  PRIMARY KEY (`srno`)
) ENGINE=InnoDB AUTO_INCREMENT=61 DEFAULT CHARSET=latin1;

/*Data for the table `b_22` */

insert  into `b_22`(`srno`,`Rollno`,`SAP`,`Name`,`SP`,`OS`,`ADC`,`CN`,`COA`,`EM`,`ES`,`COI`) values (1,'B301','71201120027','SHEFALI BABULAL NATHA',0,0,0,0,0,0,0,0),(2,'B302','71201120033','CHANDRANI RANJIT ROY',0,0,0,0,0,0,0,0),(3,'B303','71202120001','GEETIKA RAJEHS KUMAR .',0,0,0,0,0,0,0,0),(4,'B304','71202120002','KARTIK RAVINDER AGARWAL',0,0,0,0,0,0,0,0),(5,'B305','71202120003','PRIYA SHIVKUMAR AGARWAL',0,0,0,0,0,0,0,0),(6,'B306','71202120004','HIMANSHU BHUSHANLAL ANEJA',0,0,0,0,0,0,0,0),(7,'B307','71202120005','OSHIN ATISH BANERJEE',0,0,0,0,0,0,0,0),(8,'B308','71202120006','ELORA SUBHANKAR BASU',0,0,0,0,0,0,0,0),(9,'B309','71202120007','KUNAL VILAS BHAKARE',0,0,0,0,0,0,0,0),(10,'B310','71202120008','SARANSH RAJ BHANDARI',0,0,0,0,0,0,0,0),(11,'B311','71202120009','SAMEER RAJESH BHATT',0,0,0,0,0,0,0,0),(12,'B312','71202120010','SANKALP ATUL CHACHAD',0,0,0,0,0,0,0,0),(13,'B313','71202120011','GARIMA CHETRAM CHAUDHARY',0,0,0,0,0,0,0,0),(14,'B314','71202120012','VITISHA VINEET CHHAJED',0,0,0,0,0,0,0,0),(15,'B315','71202120013','DISHA DILIP AGRAWAL',0,0,0,0,0,0,0,0),(16,'B316','71202120014','ADITYA SANJAY DIMRI',0,0,0,0,0,0,0,0),(17,'B317','71202120015','SAYANTAN SAMIRAN GHOSH',0,0,0,0,0,0,0,0),(18,'B318','71202120016','POOJA RAMESH GOLAIT',0,0,0,0,0,0,0,0),(19,'B319','71202120017','GARRISON GURUVINDEV GREWAL',0,0,0,0,0,0,0,0),(20,'B320','71202120018','RISHABH PAWAN GUPTA',0,0,0,0,0,0,0,0),(21,'B321','71202120019','AASTHA BRIJMOHAN INANI',0,0,0,0,0,0,0,0),(22,'B322','71202120020','ROHIT THANGARAJ JONES',0,0,0,0,0,0,0,0),(23,'B323','71202120021','ADITYA SUNIL JOSHI',0,0,0,0,0,0,0,0),(24,'B324','71202120022','HARSHAL JYOTIBHAI LUNAGARIA',0,0,0,0,0,0,0,0),(25,'B325','71202120023','RUJUL HIREN KAPADIA',0,0,0,0,0,0,0,0),(26,'B326','71202120024','KANAN PAWAN KAPOOR',0,0,0,0,0,0,0,0),(27,'B327','71202120025','RACHIT PRADEEP KAPOOR',0,0,0,0,0,0,0,0),(28,'B328','71202120026','VATSAL PRADEEP KHANDELWAL',0,0,0,0,0,0,0,0),(29,'B329','71202120027','NAMRATA RAJESH BABU KHARE',0,0,0,0,0,0,0,0),(30,'B330','71202120028','PRAKHAR PIYUSH KHARE',0,0,0,0,0,0,0,0),(31,'B331','71202120029','ROHIT BIJESH KUMAR',0,0,0,0,0,0,0,0),(32,'B332','71202120030','ANISHA MAHADEO KUMARI',0,0,0,0,0,0,0,0),(33,'B333','71202120031','SONAM KAMLESH KUMARI',0,0,0,0,0,0,0,0),(34,'B334','71202120032','TRISHANK VIJAY KUMBHARE',0,0,0,0,0,0,0,0),(35,'B335','71202120033','MANSHITA PANKAJ MEHTA',0,0,0,0,0,0,0,0),(36,'B336','71202120034','TUSHAR SURINDER MOHAN MEHTA',0,0,0,0,0,0,0,0),(37,'B337','71202120035','JAGANNATH MOHANTA BELEL',0,0,0,0,0,0,0,0),(38,'B338','71202120036','JAI SHAILESH PATEL',0,0,0,0,0,0,0,0),(39,'B339','71202120037','NIKESH AKSHAY PATEL',0,0,0,0,0,0,0,0),(40,'B340','71202120038','CHARVI PULKIT VIRANI',0,0,0,0,0,0,0,0),(41,'B341','71202120039','SHUBHAM KRISHAN GOPAL RAICHANDEL',0,0,0,0,0,0,0,0),(42,'B342','71202120040','SWAPNIL RAJESH KUMAR SAHU',0,0,0,0,0,0,0,0),(43,'B343','71202120041','SWAPNIL GOVIND SARAN',0,0,0,0,0,0,0,0),(44,'B344','71202120042','CHIRAG SANJAY SHAH',0,0,0,0,0,0,0,0),(45,'B345','71202120043','ANKIT ARVIND SHARMA',0,0,0,0,0,0,0,0),(46,'B346','71202120044','AYUSHI NARENDER KUMAR SHARMA',0,0,0,0,0,0,0,0),(47,'B347','71202120045','RICHA HARISHBHAI SHARMA',0,0,0,0,0,0,0,0),(48,'B348','71202120046','RISHI NARESH SHARMA',0,0,0,0,0,0,0,0),(49,'B349','71202120047','AYUSHI SATYENDRA SINGH',0,0,0,0,0,0,0,0),(50,'B350','71202120048','SAGARIKA SHAILESH SINGH',0,0,0,0,0,0,0,0),(51,'B351','71202120049','UTTASARGA RAJENDRA SINGH',0,0,0,0,0,0,0,0),(52,'B352','71202120050','ANCHIT AAKASH ROHIT SINHA',0,0,0,0,0,0,0,0),(53,'B353','71202120051','SNEHA ALOK SINHA',0,0,0,0,0,0,0,0),(54,'B354','71202120052','SIDDHARTH SUDHIR SONI',0,0,0,0,0,0,0,0),(55,'B355','71202120053','DHRUV MANOHAR SONKUSALE',0,0,0,0,0,0,0,0),(56,'B356','71202120055','GAURAV SHIVSHANKAR TRIPATHI',0,0,0,0,0,0,0,0),(57,'B357','71202120056','SHRUTI BHUWAN CHANDRA UPRETI',0,0,0,0,0,0,0,0),(58,'B358','71202120057','BHAUMIK NITIN VANZARA',0,0,0,0,0,0,0,0),(59,'B359','71202120058','PRITHVI VENKATACHALAM .',0,0,0,0,0,0,0,0),(60,'B360','71202120059','NITIN PARMESHWAR VERMA',0,0,0,0,0,0,0,0);

/*Table structure for table `b_3` */

DROP TABLE IF EXISTS `b_3`;

CREATE TABLE `b_3` (
  `srno` int(11) NOT NULL,
  `Rollno` varchar(11) NOT NULL,
  `SAP` text NOT NULL,
  `Name` varchar(50) NOT NULL,
  `OR` int(11) NOT NULL,
  `ADBMS` int(11) NOT NULL,
  `ISM` int(11) NOT NULL,
  `OOSE` int(11) NOT NULL,
  `FWT` int(11) NOT NULL,
  `MAD` int(11) NOT NULL,
  `IP` int(11) NOT NULL,
  `IEM` int(11) NOT NULL,
  `COI` int(11) NOT NULL
) ENGINE=InnoDB DEFAULT CHARSET=latin1;

/*Data for the table `b_3` */

insert  into `b_3`(`srno`,`Rollno`,`SAP`,`Name`,`OR`,`ADBMS`,`ISM`,`OOSE`,`FWT`,`MAD`,`IP`,`IEM`,`COI`) values (0,'B001','71202110001','VIVEK MUKESH AVLANI',0,0,0,0,0,0,0,0,0),(0,'B002','71202110002','POOJA SHAM ALONE',0,0,0,0,0,0,0,0,0),(0,'B003','71202110003','RISHABH ARVIND NARUKA',0,0,0,0,0,0,0,0,0),(0,'B004','71202110004','POONAM MAHESH AGRAWAL',0,0,0,0,0,0,0,0,0),(0,'B005','71202110005','RAHUL N.NAGESWARA RAO NANDIPATI',0,0,0,0,0,0,0,0,0),(0,'B006','71202110006','SHUBHRA VINIT CHATURVEDI',0,0,0,0,0,0,0,0,0),(0,'B007','71202110007','SHAZEB IKRAM SAYED',0,0,0,0,0,0,0,0,0),(0,'B008','71202110008','SURMAY SANJAY BHAVSAR',0,0,0,0,0,0,0,0,0),(0,'B009','71202110009','ARVIND RAJARAM RAJARAM',0,0,0,0,0,0,0,0,0),(0,'B010','71202110010','DIXITA SANJAY JHAVERI',0,0,0,0,0,0,0,0,0),(0,'B011','71202110011','SANKET ULHAS VARDHAVE',0,0,0,0,0,0,0,0,0),(0,'B012','71202110012','MEGHA DALEEP SINGH GUSAIN',0,0,0,0,0,0,0,0,0),(0,'B013','71202110013','RAHUL RAVI GANGWAL',0,0,0,0,0,0,0,0,0),(0,'B014','71202110014','NILABH HIRANAND JHA SUBRAMANIAM',0,0,0,0,0,0,0,0,0),(0,'B015','71202110015','KISHAN JITENDRA KOTECHA',0,0,0,0,0,0,0,0,0),(0,'B016','71202110016','KARTIK ANIL KORDE',0,0,0,0,0,0,0,0,0),(0,'B018','71202110018','HIMANSHU SANJAY SHARMA',0,0,0,0,0,0,0,0,0),(0,'B019','71202110019','ANANT JALAJ CHAUDHARY',0,0,0,0,0,0,0,0,0),(0,'B020','71202110020','MEENAKSHI JAYKANT MULGE',0,0,0,0,0,0,0,0,0),(0,'B021','71202110036','RISHABH KANHAIYALAL KHANNA',0,0,0,0,0,0,0,0,0),(0,'B022','71202110056','SHRINIDHI RAJESH SINHA',0,0,0,0,0,0,0,0,0),(0,'B023','71202110021','SHASHANK ARVIND TYAGI',0,0,0,0,0,0,0,0,0),(0,'B024','71202110022','ASHVAL ASHOK VAIDYA',0,0,0,0,0,0,0,0,0),(0,'B025','71202110023','PRASANG MAHENDRA JAIN',0,0,0,0,0,0,0,0,0),(0,'B026','71202110024','KSHITIJ ASHOK DHALL',0,0,0,0,0,0,0,0,0),(0,'B028','71202110026','DIPINTEE SUNIL KUMAR GUPTA',0,0,0,0,0,0,0,0,0),(0,'B029','71202110027','SURABHI VIJAY SINGH',0,0,0,0,0,0,0,0,0),(0,'B030','71202110028','RAGHAV VIJAY DHAMIJA',0,0,0,0,0,0,0,0,0),(0,'B031','71202110029','KANHAIYA RAMAKANT KUMAR',0,0,0,0,0,0,0,0,0),(0,'B032','71202110030','SAURABH SUMAN JHA KUMAR',0,0,0,0,0,0,0,0,0),(0,'B033','71202110031','CHARVEE RAVI PUNIA',0,0,0,0,0,0,0,0,0),(0,'B034','71202110051','HARSHIT SAKET TEKRIWAL',0,0,0,0,0,0,0,0,0),(0,'B035','71202110032','ABHISHEK DINESH PACHORKAR',0,0,0,0,0,0,0,0,0),(0,'B036','71202110033','PRATIM KUMAR MANOJKUMAR MISHRA',0,0,0,0,0,0,0,0,0),(0,'B037','71202110034','KUNAL PRAVEEN SHARMA',0,0,0,0,0,0,0,0,0),(0,'B038','71202110035','ROHANRAJE ARVIND SAWANT',0,0,0,0,0,0,0,0,0),(0,'B039','71202110041','AJIT DINESH KUMAR GARG',0,0,0,0,0,0,0,0,0),(0,'B041','71202110054','YASH VARDHAN RAJEEV KUMAR BUMB',0,0,0,0,0,0,0,0,0),(0,'B042','71202110047','SAURAV RAJESH SHROFF',0,0,0,0,0,0,0,0,0),(0,'B043','71202110055','DIVYA MATHEW .',0,0,0,0,0,0,0,0,0),(0,'B044','71202110037','SAGAR SANDEEP UDESHI',0,0,0,0,0,0,0,0,0),(0,'B046','71202110048','RONAK SURESH JALAN',0,0,0,0,0,0,0,0,0),(0,'B047','71202110044','ANKIT HARISINGH THAKUR',0,0,0,0,0,0,0,0,0),(0,'B048','71202110052','ROMA SUNIL PANDYA',0,0,0,0,0,0,0,0,0),(0,'B049','71202110038','LEKHA PRAKASH PATIL',0,0,0,0,0,0,0,0,0),(0,'B050','71202110053','RISHABH SUNIL KUMAR SINGHAL',0,0,0,0,0,0,0,0,0),(0,'B051','71202110039','DIXITA JASMIN GHELANI',0,0,0,0,0,0,0,0,0),(0,'B052','71202110040','UTSAV YESHWANT GAIKWAD',0,0,0,0,0,0,0,0,0),(0,'B053','71202110050','ASMITA RANVIR CHAUHAN',0,0,0,0,0,0,0,0,0),(0,'B054','71202110042','ARUN R.K. SINGHAL',0,0,0,0,0,0,0,0,0),(0,'B055','71202110046','ANKIT BIPIN PAREKH',0,0,0,0,0,0,0,0,0),(0,'B056','71202110049','MRIDUL OMPRAKASH KUMAWAT',0,0,0,0,0,0,0,0,0),(0,'B057','71202110057','VAIBHAV KULDEEP SWARNKA',0,0,0,0,0,0,0,0,0),(0,'B072','71202128002','RAJANI  RAJ',0,0,0,0,0,0,0,0,0),(0,'B073','71202128003','SHREYAS  BEDSE',0,0,0,0,0,0,0,0,0),(0,'B074','71202128004','TANMAY  KOLGE',0,0,0,0,0,0,0,0,0);

/*Table structure for table `b_32` */

DROP TABLE IF EXISTS `b_32`;

CREATE TABLE `b_32` (
  `srno` int(11) NOT NULL AUTO_INCREMENT,
  `Rollno` varchar(11) NOT NULL,
  `SAP` text NOT NULL,
  `Name` varchar(50) NOT NULL,
  `OR` int(11) NOT NULL,
  `ADBMS` int(11) NOT NULL,
  `ISM` int(11) NOT NULL,
  `OOSE` int(11) NOT NULL,
  `FWT` int(11) NOT NULL,
  `MAD` int(11) NOT NULL,
  `IP` int(11) NOT NULL,
  `IEM` int(11) NOT NULL,
  `COI` int(11) NOT NULL,
  PRIMARY KEY (`srno`)
) ENGINE=InnoDB AUTO_INCREMENT=57 DEFAULT CHARSET=latin1;

/*Data for the table `b_32` */

insert  into `b_32`(`srno`,`Rollno`,`SAP`,`Name`,`OR`,`ADBMS`,`ISM`,`OOSE`,`FWT`,`MAD`,`IP`,`IEM`,`COI`) values (1,'B001','71202110001','VIVEK MUKESH AVLANI',0,0,0,0,0,0,0,0,0),(2,'B002','71202110002','POOJA SHAM ALONE',0,0,0,0,0,0,0,0,0),(3,'B003','71202110003','RISHABH ARVIND NARUKA',0,0,0,0,0,0,0,0,0),(4,'B004','71202110004','POONAM MAHESH AGRAWAL',0,0,0,0,0,0,0,0,0),(5,'B005','71202110005','RAHUL N.NAGESWARA RAO NANDIPATI',0,0,0,0,0,0,0,0,0),(6,'B006','71202110006','SHUBHRA VINIT CHATURVEDI',0,0,0,0,0,0,0,0,0),(7,'B007','71202110007','SHAZEB IKRAM SAYED',0,0,0,0,0,0,0,0,0),(8,'B008','71202110008','SURMAY SANJAY BHAVSAR',0,0,0,0,0,0,0,0,0),(9,'B009','71202110009','ARVIND RAJARAM RAJARAM',0,0,0,0,0,0,0,0,0),(10,'B010','71202110010','DIXITA SANJAY JHAVERI',0,0,0,0,0,0,0,0,0),(11,'B011','71202110011','SANKET ULHAS VARDHAVE',0,0,0,0,0,0,0,0,0),(12,'B012','71202110012','MEGHA DALEEP SINGH GUSAIN',0,0,0,0,0,0,0,0,0),(13,'B013','71202110013','RAHUL RAVI GANGWAL',0,0,0,0,0,0,0,0,0),(14,'B014','71202110014','NILABH HIRANAND JHA SUBRAMANIAM',0,0,0,0,0,0,0,0,0),(15,'B015','71202110015','KISHAN JITENDRA KOTECHA',0,0,0,0,0,0,0,0,0),(16,'B016','71202110016','KARTIK ANIL KORDE',0,0,0,0,0,0,0,0,0),(17,'B018','71202110018','HIMANSHU SANJAY SHARMA',0,0,0,0,0,0,0,0,0),(18,'B019','71202110019','ANANT JALAJ CHAUDHARY',0,0,0,0,0,0,0,0,0),(19,'B020','71202110020','MEENAKSHI JAYKANT MULGE',0,0,0,0,0,0,0,0,0),(20,'B021','71202110036','RISHABH KANHAIYALAL KHANNA',0,0,0,0,0,0,0,0,0),(21,'B022','71202110056','SHRINIDHI RAJESH SINHA',0,0,0,0,0,0,0,0,0),(22,'B023','71202110021','SHASHANK ARVIND TYAGI',0,0,0,0,0,0,0,0,0),(23,'B024','71202110022','ASHVAL ASHOK VAIDYA',0,0,0,0,0,0,0,0,0),(24,'B025','71202110023','PRASANG MAHENDRA JAIN',0,0,0,0,0,0,0,0,0),(25,'B026','71202110024','KSHITIJ ASHOK DHALL',0,0,0,0,0,0,0,0,0),(26,'B028','71202110026','DIPINTEE SUNIL KUMAR GUPTA',0,0,0,0,0,0,0,0,0),(27,'B029','71202110027','SURABHI VIJAY SINGH',0,0,0,0,0,0,0,0,0),(28,'B030','71202110028','RAGHAV VIJAY DHAMIJA',0,0,0,0,0,0,0,0,0),(29,'B031','71202110029','KANHAIYA RAMAKANT KUMAR',0,0,0,0,0,0,0,0,0),(30,'B032','71202110030','SAURABH SUMAN JHA KUMAR',0,0,0,0,0,0,0,0,0),(31,'B033','71202110031','CHARVEE RAVI PUNIA',0,0,0,0,0,0,0,0,0),(32,'B034','71202110051','HARSHIT SAKET TEKRIWAL',0,0,0,0,0,0,0,0,0),(33,'B035','71202110032','ABHISHEK DINESH PACHORKAR',0,0,0,0,0,0,0,0,0),(34,'B036','71202110033','PRATIM KUMAR MANOJKUMAR MISHRA',0,0,0,0,0,0,0,0,0),(35,'B037','71202110034','KUNAL PRAVEEN SHARMA',0,0,0,0,0,0,0,0,0),(36,'B038','71202110035','ROHANRAJE ARVIND SAWANT',0,0,0,0,0,0,0,0,0),(37,'B039','71202110041','AJIT DINESH KUMAR GARG',0,0,0,0,0,0,0,0,0),(38,'B041','71202110054','YASH VARDHAN RAJEEV KUMAR BUMB',0,0,0,0,0,0,0,0,0),(39,'B042','71202110047','SAURAV RAJESH SHROFF',0,0,0,0,0,0,0,0,0),(40,'B043','71202110055','DIVYA MATHEW .',0,0,0,0,0,0,0,0,0),(41,'B044','71202110037','SAGAR SANDEEP UDESHI',0,0,0,0,0,0,0,0,0),(42,'B046','71202110048','RONAK SURESH JALAN',0,0,0,0,0,0,0,0,0),(43,'B047','71202110044','ANKIT HARISINGH THAKUR',0,0,0,0,0,0,0,0,0),(44,'B048','71202110052','ROMA SUNIL PANDYA',0,0,0,0,0,0,0,0,0),(45,'B049','71202110038','LEKHA PRAKASH PATIL',0,0,0,0,0,0,0,0,0),(46,'B050','71202110053','RISHABH SUNIL KUMAR SINGHAL',0,0,0,0,0,0,0,0,0),(47,'B051','71202110039','DIXITA JASMIN GHELANI',0,0,0,0,0,0,0,0,0),(48,'B052','71202110040','UTSAV YESHWANT GAIKWAD',0,0,0,0,0,0,0,0,0),(49,'B053','71202110050','ASMITA RANVIR CHAUHAN',0,0,0,0,0,0,0,0,0),(50,'B054','71202110042','ARUN R.K. SINGHAL',0,0,0,0,0,0,0,0,0),(51,'B055','71202110046','ANKIT BIPIN PAREKH',0,0,0,0,0,0,0,0,0),(52,'B056','71202110049','MRIDUL OMPRAKASH KUMAWAT',0,0,0,0,0,0,0,0,0),(53,'B057','71202110057','VAIBHAV KULDEEP SWARNKA',0,0,0,0,0,0,0,0,0),(54,'B072','71202128002','RAJANI  RAJ',0,0,0,0,0,0,0,0,0),(55,'B073','71202128003','SHREYAS  BEDSE',0,0,0,0,0,0,0,0,0),(56,'B074','71202128004','TANMAY  KOLGE',0,0,0,0,0,0,0,0,0);

/*Table structure for table `b_4` */

DROP TABLE IF EXISTS `b_4`;

CREATE TABLE `b_4` (
  `srno` int(11) NOT NULL AUTO_INCREMENT,
  `Rollno` varchar(11) NOT NULL,
  `SAP` text NOT NULL,
  `Name` varchar(50) NOT NULL,
  `MMS` int(11) NOT NULL,
  `MC` int(11) NOT NULL,
  `DC` int(11) NOT NULL,
  `GIS` int(11) NOT NULL,
  `ICC` int(11) NOT NULL,
  PRIMARY KEY (`srno`)
) ENGINE=InnoDB AUTO_INCREMENT=133 DEFAULT CHARSET=latin1;

/*Data for the table `b_4` */

insert  into `b_4`(`srno`,`Rollno`,`SAP`,`Name`,`MMS`,`MC`,`DC`,`GIS`,`ICC`) values (89,'301','71202100001','AAKASH CHANDRA ASHOK CHATTERJEE',10,10,10,10,2),(90,'302','71202100002','ABHISHEK RAJESHKUMAR RAJ',3,0,0,10,13),(91,'305','71202100004','ANAND SANJAY KUMAR CHAUHAN',6,0,0,0,10),(92,'306','71202099001','ANGEERA MANOJ KUMAR PRANAV',12,0,0,11,0),(93,'307','71202100005','ANKITA MUKESH KUMAR RUSTAGI',14,0,0,0,0),(94,'308','71202100006','ARUN JAGDISH PANWAR',17,0,0,0,15),(95,'309','71202100007','ARUSHI RAJEEV AGARWAL',11,0,0,0,0),(96,'310','71202100008','DEEPAK BAL KRISHAN DHOOT',9,0,0,11,0),(97,'311','71202100010','DISHANT BHARAT GALA',12,0,15,0,0),(98,'313','71202100011','HARPREET MAHENDRASINGH KHANUJA',0,0,0,0,0),(99,'314','71202100013','KANGAN SANJAY DUREJA',12,0,0,0,0),(100,'315','71202100014','VIKAS KAMLESH KASLIWAL',0,0,0,0,0),(101,'316','71202100015','KRATI AVINASHKUMAR CHATURVEDI',6,0,0,0,0),(102,'317','71202100016','MANSI HARCHARAN NARANG',12,0,0,25,0),(103,'318','71202100017','MERU DEEPAK BHATNAGAR',0,0,0,0,0),(104,'320','71202100019','NISHIT SANDEEP SONI',15,0,0,0,0),(105,'321','71202100020','PIYUSH NARESH BHANDARI',0,0,0,0,0),(106,'322','71202100021','PRASHASYA ATUL KUMAR CHOUDHARY',0,0,0,0,0),(107,'323','71202100023','PRIYAM RAJIV KUMAR MAHESHWARI',0,0,0,0,0),(108,'324','71202100025','PUNIT L D MALIK',0,0,0,0,0),(109,'325','71202100026','RAHUL OMPRAKASH MANDLIYA',0,0,0,0,0),(110,'326','71202100027','RAJAN KACHARULAL SHARMA',0,0,0,0,0),(111,'327','71202100028','ROMAN ABDUL SAMAD SHAIKH',0,0,0,0,0),(112,'328','71202100029','SHREYA SURENDRA KUMAR SRIVASTAVA',0,0,0,0,0),(113,'329','71202100030','SIDDHANT MANOJ KUMAR JAIN',13,0,0,0,0),(114,'331','71202100032','SPARSH DILIP PATHAK',0,0,0,0,0),(115,'332','71202100033','SUMIT BIBEKANAND NAYAK',0,0,0,0,0),(116,'333','71202100034','SWATI RAMESH AHUJA',0,0,0,0,0),(117,'334','71202099002','TANMAY RAKESH SHARMA',0,0,0,0,0),(118,'335','71202099003','TARUN RAJENDRA MAHAJAN',0,0,0,0,0),(119,'336','71202099004','TUSHAR RAJEEV MITTAL',10,0,0,0,0),(120,'337','71202100035','VAIBHAVI ATUL PUJARA',0,0,0,0,0),(121,'338','71202100036','VAISHNAVI K. RAVI KUMAR .',0,0,0,0,0),(122,'340','71202099005','MOHIT SHYAMSUNDER YADAV',0,0,0,0,0),(123,'341','71202118001','CHANDRASHEKHAR NARAYAN NAGLE',0,0,0,0,0),(124,'342','71202118002','ADITYA MANOJ DESHPANDE',0,0,0,0,0),(125,'343','71202118003','DHARESH LALIT VYAS',0,0,0,0,0),(126,'344','71202118004','SANJAY KUMAR ARUN SINGH',0,0,0,0,0),(127,'346','71202118006','BALJITSING KUNDANSINGH CHAUDHARI',0,0,0,0,0),(128,'347','71202118007','ANIKET KETAN SURANI',0,0,0,0,0),(129,'350','71202098066','BHAVIK MANOJKUMAR SHAH',0,0,0,0,0),(130,'351','71201100004','NIKITA ASHOK LONDHE',0,0,0,0,0),(131,'352','71201099001','UTTAM KAMAL MISHRA',0,0,0,0,0),(132,'353','71201100005','VISHAKHA BINOD KUMAR SHARMA',0,0,0,0,0);

/*Table structure for table `b_42` */

DROP TABLE IF EXISTS `b_42`;

CREATE TABLE `b_42` (
  `srno` int(11) NOT NULL AUTO_INCREMENT,
  `Rollno` varchar(11) NOT NULL,
  `SAP` text NOT NULL,
  `Name` varchar(50) NOT NULL,
  `MMS` int(11) NOT NULL,
  `MC` int(11) NOT NULL,
  `DC` int(11) NOT NULL,
  `GIS` int(11) NOT NULL,
  `ICC` int(11) NOT NULL,
  PRIMARY KEY (`srno`)
) ENGINE=InnoDB AUTO_INCREMENT=221 DEFAULT CHARSET=latin1;

/*Data for the table `b_42` */

insert  into `b_42`(`srno`,`Rollno`,`SAP`,`Name`,`MMS`,`MC`,`DC`,`GIS`,`ICC`) values (1,'301','71202100001','AAKASH CHANDRA ASHOK CHATTERJEE',0,0,0,0,0),(2,'302','71202100002','ABHISHEK RAJESHKUMAR RAJ',2,0,0,0,0),(3,'305','71202100004','ANAND SANJAY KUMAR CHAUHAN',0,0,0,0,0),(4,'306','71202099001','ANGEERA MANOJ KUMAR PRANAV',0,0,0,0,0),(5,'307','71202100005','ANKITA MUKESH KUMAR RUSTAGI',0,0,0,0,0),(6,'308','71202100006','ARUN JAGDISH PANWAR',0,0,0,0,0),(7,'309','71202100007','ARUSHI RAJEEV AGARWAL',0,0,0,0,0),(8,'310','71202100008','DEEPAK BAL KRISHAN DHOOT',0,0,0,0,0),(9,'311','71202100010','DISHANT BHARAT GALA',0,0,0,0,0),(10,'313','71202100011','HARPREET MAHENDRASINGH KHANUJA',0,0,0,0,0),(11,'314','71202100013','KANGAN SANJAY DUREJA',0,0,0,0,0),(12,'315','71202100014','VIKAS KAMLESH KASLIWAL',0,0,0,0,0),(13,'316','71202100015','KRATI AVINASHKUMAR CHATURVEDI',0,0,0,0,0),(14,'317','71202100016','MANSI HARCHARAN NARANG',0,0,0,0,0),(15,'318','71202100017','MERU DEEPAK BHATNAGAR',0,0,0,0,0),(16,'320','71202100019','NISHIT SANDEEP SONI',0,0,0,0,0),(17,'321','71202100020','PIYUSH NARESH BHANDARI',0,0,0,0,0),(18,'322','71202100021','PRASHASYA ATUL KUMAR CHOUDHARY',0,0,0,0,0),(19,'323','71202100023','PRIYAM RAJIV KUMAR MAHESHWARI',0,0,0,0,0),(20,'324','71202100025','PUNIT L D MALIK',0,0,0,0,0),(21,'325','71202100026','RAHUL OMPRAKASH MANDLIYA',0,0,0,0,0),(22,'326','71202100027','RAJAN KACHARULAL SHARMA',0,0,0,0,0),(23,'327','71202100028','ROMAN ABDUL SAMAD SHAIKH',0,0,0,0,0),(24,'328','71202100029','SHREYA SURENDRA KUMAR SRIVASTAVA',0,0,0,0,0),(25,'329','71202100030','SIDDHANT MANOJ KUMAR JAIN',0,0,0,0,0),(26,'331','71202100032','SPARSH DILIP PATHAK',0,0,0,0,0),(27,'332','71202100033','SUMIT BIBEKANAND NAYAK',0,0,0,0,0),(28,'333','71202100034','SWATI RAMESH AHUJA',0,0,0,0,0),(29,'334','71202099002','TANMAY RAKESH SHARMA',0,0,0,0,0),(30,'335','71202099003','TARUN RAJENDRA MAHAJAN',0,0,0,0,0),(31,'336','71202099004','TUSHAR RAJEEV MITTAL',0,0,0,0,0),(32,'337','71202100035','VAIBHAVI ATUL PUJARA',0,0,0,0,0),(33,'338','71202100036','VAISHNAVI K. RAVI KUMAR .',0,0,0,0,0),(34,'340','71202099005','MOHIT SHYAMSUNDER YADAV',0,0,0,0,0),(35,'341','71202118001','CHANDRASHEKHAR NARAYAN NAGLE',0,0,0,0,0),(36,'342','71202118002','ADITYA MANOJ DESHPANDE',0,0,0,0,0),(37,'343','71202118003','DHARESH LALIT VYAS',0,0,0,0,0),(38,'344','71202118004','SANJAY KUMAR ARUN SINGH',0,0,0,0,0),(39,'346','71202118006','BALJITSING KUNDANSINGH CHAUDHARI',0,0,0,0,0),(40,'347','71202118007','ANIKET KETAN SURANI',0,0,0,0,0),(41,'350','71202098066','BHAVIK MANOJKUMAR SHAH',0,0,0,0,0),(42,'351','71201100004','NIKITA ASHOK LONDHE',0,0,0,0,0),(43,'352','71201099001','UTTAM KAMAL MISHRA',0,0,0,0,0),(44,'353','71201100005','VISHAKHA BINOD KUMAR SHARMA',0,0,0,0,0),(45,'301','71202100001','AAKASH CHANDRA ASHOK CHATTERJEE',0,0,0,0,0),(46,'302','71202100002','ABHISHEK RAJESHKUMAR RAJ',0,0,0,0,0),(47,'305','71202100004','ANAND SANJAY KUMAR CHAUHAN',0,0,0,0,0),(48,'306','71202099001','ANGEERA MANOJ KUMAR PRANAV',0,0,0,0,0),(49,'307','71202100005','ANKITA MUKESH KUMAR RUSTAGI',0,0,0,0,0),(50,'308','71202100006','ARUN JAGDISH PANWAR',0,0,0,0,0),(51,'309','71202100007','ARUSHI RAJEEV AGARWAL',0,0,0,0,0),(52,'310','71202100008','DEEPAK BAL KRISHAN DHOOT',0,0,0,0,0),(53,'311','71202100010','DISHANT BHARAT GALA',0,0,0,0,0),(54,'313','71202100011','HARPREET MAHENDRASINGH KHANUJA',0,0,0,0,0),(55,'314','71202100013','KANGAN SANJAY DUREJA',0,0,0,0,0),(56,'315','71202100014','VIKAS KAMLESH KASLIWAL',0,0,0,0,0),(57,'316','71202100015','KRATI AVINASHKUMAR CHATURVEDI',0,0,0,0,0),(58,'317','71202100016','MANSI HARCHARAN NARANG',0,0,0,0,0),(59,'318','71202100017','MERU DEEPAK BHATNAGAR',0,0,0,0,0),(60,'320','71202100019','NISHIT SANDEEP SONI',0,0,0,0,0),(61,'321','71202100020','PIYUSH NARESH BHANDARI',0,0,0,0,0),(62,'322','71202100021','PRASHASYA ATUL KUMAR CHOUDHARY',0,0,0,0,0),(63,'323','71202100023','PRIYAM RAJIV KUMAR MAHESHWARI',0,0,0,0,0),(64,'324','71202100025','PUNIT L D MALIK',0,0,0,0,0),(65,'325','71202100026','RAHUL OMPRAKASH MANDLIYA',0,0,0,0,0),(66,'326','71202100027','RAJAN KACHARULAL SHARMA',0,0,0,0,0),(67,'327','71202100028','ROMAN ABDUL SAMAD SHAIKH',0,0,0,0,0),(68,'328','71202100029','SHREYA SURENDRA KUMAR SRIVASTAVA',0,0,0,0,0),(69,'329','71202100030','SIDDHANT MANOJ KUMAR JAIN',0,0,0,0,0),(70,'331','71202100032','SPARSH DILIP PATHAK',0,0,0,0,0),(71,'332','71202100033','SUMIT BIBEKANAND NAYAK',0,0,0,0,0),(72,'333','71202100034','SWATI RAMESH AHUJA',0,0,0,0,0),(73,'334','71202099002','TANMAY RAKESH SHARMA',0,0,0,0,0),(74,'335','71202099003','TARUN RAJENDRA MAHAJAN',0,0,0,0,0),(75,'336','71202099004','TUSHAR RAJEEV MITTAL',0,0,0,0,0),(76,'337','71202100035','VAIBHAVI ATUL PUJARA',0,0,0,0,0),(77,'338','71202100036','VAISHNAVI K. RAVI KUMAR .',0,0,0,0,0),(78,'340','71202099005','MOHIT SHYAMSUNDER YADAV',0,0,0,0,0),(79,'341','71202118001','CHANDRASHEKHAR NARAYAN NAGLE',0,0,0,0,0),(80,'342','71202118002','ADITYA MANOJ DESHPANDE',0,0,0,0,0),(81,'343','71202118003','DHARESH LALIT VYAS',0,0,0,0,0),(82,'344','71202118004','SANJAY KUMAR ARUN SINGH',0,0,0,0,0),(83,'346','71202118006','BALJITSING KUNDANSINGH CHAUDHARI',0,0,0,0,0),(84,'347','71202118007','ANIKET KETAN SURANI',0,0,0,0,0),(85,'350','71202098066','BHAVIK MANOJKUMAR SHAH',0,0,0,0,0),(86,'351','71201100004','NIKITA ASHOK LONDHE',0,0,0,0,0),(87,'352','71201099001','UTTAM KAMAL MISHRA',0,0,0,0,0),(88,'353','71201100005','VISHAKHA BINOD KUMAR SHARMA',0,0,0,0,0),(89,'301','71202100001','AAKASH CHANDRA ASHOK CHATTERJEE',0,0,0,0,0),(90,'302','71202100002','ABHISHEK RAJESHKUMAR RAJ',0,0,0,0,0),(91,'305','71202100004','ANAND SANJAY KUMAR CHAUHAN',0,0,0,0,0),(92,'306','71202099001','ANGEERA MANOJ KUMAR PRANAV',0,0,0,0,0),(93,'307','71202100005','ANKITA MUKESH KUMAR RUSTAGI',0,0,0,0,0),(94,'308','71202100006','ARUN JAGDISH PANWAR',0,0,0,0,0),(95,'309','71202100007','ARUSHI RAJEEV AGARWAL',0,0,0,0,0),(96,'310','71202100008','DEEPAK BAL KRISHAN DHOOT',0,0,0,0,0),(97,'311','71202100010','DISHANT BHARAT GALA',0,0,0,0,0),(98,'313','71202100011','HARPREET MAHENDRASINGH KHANUJA',0,0,0,0,0),(99,'314','71202100013','KANGAN SANJAY DUREJA',0,0,0,0,0),(100,'315','71202100014','VIKAS KAMLESH KASLIWAL',0,0,0,0,0),(101,'316','71202100015','KRATI AVINASHKUMAR CHATURVEDI',0,0,0,0,0),(102,'317','71202100016','MANSI HARCHARAN NARANG',0,0,0,0,0),(103,'318','71202100017','MERU DEEPAK BHATNAGAR',0,0,0,0,0),(104,'320','71202100019','NISHIT SANDEEP SONI',0,0,0,0,0),(105,'321','71202100020','PIYUSH NARESH BHANDARI',0,0,0,0,0),(106,'322','71202100021','PRASHASYA ATUL KUMAR CHOUDHARY',0,0,0,0,0),(107,'323','71202100023','PRIYAM RAJIV KUMAR MAHESHWARI',0,0,0,0,0),(108,'324','71202100025','PUNIT L D MALIK',0,0,0,0,0),(109,'325','71202100026','RAHUL OMPRAKASH MANDLIYA',0,0,0,0,0),(110,'326','71202100027','RAJAN KACHARULAL SHARMA',0,0,0,0,0),(111,'327','71202100028','ROMAN ABDUL SAMAD SHAIKH',0,0,0,0,0),(112,'328','71202100029','SHREYA SURENDRA KUMAR SRIVASTAVA',0,0,0,0,0),(113,'329','71202100030','SIDDHANT MANOJ KUMAR JAIN',0,0,0,0,0),(114,'331','71202100032','SPARSH DILIP PATHAK',0,0,0,0,0),(115,'332','71202100033','SUMIT BIBEKANAND NAYAK',0,0,0,0,0),(116,'333','71202100034','SWATI RAMESH AHUJA',0,0,0,0,0),(117,'334','71202099002','TANMAY RAKESH SHARMA',0,0,0,0,0),(118,'335','71202099003','TARUN RAJENDRA MAHAJAN',0,0,0,0,0),(119,'336','71202099004','TUSHAR RAJEEV MITTAL',0,0,0,0,0),(120,'337','71202100035','VAIBHAVI ATUL PUJARA',0,0,0,0,0),(121,'338','71202100036','VAISHNAVI K. RAVI KUMAR .',0,0,0,0,0),(122,'340','71202099005','MOHIT SHYAMSUNDER YADAV',0,0,0,0,0),(123,'341','71202118001','CHANDRASHEKHAR NARAYAN NAGLE',0,0,0,0,0),(124,'342','71202118002','ADITYA MANOJ DESHPANDE',0,0,0,0,0),(125,'343','71202118003','DHARESH LALIT VYAS',0,0,0,0,0),(126,'344','71202118004','SANJAY KUMAR ARUN SINGH',0,0,0,0,0),(127,'346','71202118006','BALJITSING KUNDANSINGH CHAUDHARI',0,0,0,0,0),(128,'347','71202118007','ANIKET KETAN SURANI',0,0,0,0,0),(129,'350','71202098066','BHAVIK MANOJKUMAR SHAH',0,0,0,0,0),(130,'351','71201100004','NIKITA ASHOK LONDHE',0,0,0,0,0),(131,'352','71201099001','UTTAM KAMAL MISHRA',0,0,0,0,0),(132,'353','71201100005','VISHAKHA BINOD KUMAR SHARMA',0,0,0,0,0),(133,'301','71202100001','AAKASH CHANDRA ASHOK CHATTERJEE',0,0,0,0,0),(134,'302','71202100002','ABHISHEK RAJESHKUMAR RAJ',0,0,0,0,0),(135,'305','71202100004','ANAND SANJAY KUMAR CHAUHAN',0,0,0,0,0),(136,'306','71202099001','ANGEERA MANOJ KUMAR PRANAV',0,0,0,0,0),(137,'307','71202100005','ANKITA MUKESH KUMAR RUSTAGI',0,0,0,0,0),(138,'308','71202100006','ARUN JAGDISH PANWAR',0,0,0,0,0),(139,'309','71202100007','ARUSHI RAJEEV AGARWAL',0,0,0,0,0),(140,'310','71202100008','DEEPAK BAL KRISHAN DHOOT',0,0,0,0,0),(141,'311','71202100010','DISHANT BHARAT GALA',0,0,0,0,0),(142,'313','71202100011','HARPREET MAHENDRASINGH KHANUJA',0,0,0,0,0),(143,'314','71202100013','KANGAN SANJAY DUREJA',0,0,0,0,0),(144,'315','71202100014','VIKAS KAMLESH KASLIWAL',0,0,0,0,0),(145,'316','71202100015','KRATI AVINASHKUMAR CHATURVEDI',0,0,0,0,0),(146,'317','71202100016','MANSI HARCHARAN NARANG',0,0,0,0,0),(147,'318','71202100017','MERU DEEPAK BHATNAGAR',0,0,0,0,0),(148,'320','71202100019','NISHIT SANDEEP SONI',0,0,0,0,0),(149,'321','71202100020','PIYUSH NARESH BHANDARI',0,0,0,0,0),(150,'322','71202100021','PRASHASYA ATUL KUMAR CHOUDHARY',0,0,0,0,0),(151,'323','71202100023','PRIYAM RAJIV KUMAR MAHESHWARI',0,0,0,0,0),(152,'324','71202100025','PUNIT L D MALIK',0,0,0,0,0),(153,'325','71202100026','RAHUL OMPRAKASH MANDLIYA',0,0,0,0,0),(154,'326','71202100027','RAJAN KACHARULAL SHARMA',0,0,0,0,0),(155,'327','71202100028','ROMAN ABDUL SAMAD SHAIKH',0,0,0,0,0),(156,'328','71202100029','SHREYA SURENDRA KUMAR SRIVASTAVA',0,0,0,0,0),(157,'329','71202100030','SIDDHANT MANOJ KUMAR JAIN',0,0,0,0,0),(158,'331','71202100032','SPARSH DILIP PATHAK',0,0,0,0,0),(159,'332','71202100033','SUMIT BIBEKANAND NAYAK',0,0,0,0,0),(160,'333','71202100034','SWATI RAMESH AHUJA',0,0,0,0,0),(161,'334','71202099002','TANMAY RAKESH SHARMA',0,0,0,0,0),(162,'335','71202099003','TARUN RAJENDRA MAHAJAN',0,0,0,0,0),(163,'336','71202099004','TUSHAR RAJEEV MITTAL',0,0,0,0,0),(164,'337','71202100035','VAIBHAVI ATUL PUJARA',0,0,0,0,0),(165,'338','71202100036','VAISHNAVI K. RAVI KUMAR .',0,0,0,0,0),(166,'340','71202099005','MOHIT SHYAMSUNDER YADAV',0,0,0,0,0),(167,'341','71202118001','CHANDRASHEKHAR NARAYAN NAGLE',0,0,0,0,0),(168,'342','71202118002','ADITYA MANOJ DESHPANDE',0,0,0,0,0),(169,'343','71202118003','DHARESH LALIT VYAS',0,0,0,0,0),(170,'344','71202118004','SANJAY KUMAR ARUN SINGH',0,0,0,0,0),(171,'346','71202118006','BALJITSING KUNDANSINGH CHAUDHARI',0,0,0,0,0),(172,'347','71202118007','ANIKET KETAN SURANI',0,0,0,0,0),(173,'350','71202098066','BHAVIK MANOJKUMAR SHAH',0,0,0,0,0),(174,'351','71201100004','NIKITA ASHOK LONDHE',0,0,0,0,0),(175,'352','71201099001','UTTAM KAMAL MISHRA',0,0,0,0,0),(176,'353','71201100005','VISHAKHA BINOD KUMAR SHARMA',0,0,0,0,0),(177,'301','71202100001','AAKASH CHANDRA ASHOK CHATTERJEE',0,0,0,0,0),(178,'302','71202100002','ABHISHEK RAJESHKUMAR RAJ',0,0,0,0,0),(179,'305','71202100004','ANAND SANJAY KUMAR CHAUHAN',0,0,0,0,0),(180,'306','71202099001','ANGEERA MANOJ KUMAR PRANAV',0,0,0,0,0),(181,'307','71202100005','ANKITA MUKESH KUMAR RUSTAGI',0,0,0,0,0),(182,'308','71202100006','ARUN JAGDISH PANWAR',0,0,0,0,0),(183,'309','71202100007','ARUSHI RAJEEV AGARWAL',0,0,0,0,0),(184,'310','71202100008','DEEPAK BAL KRISHAN DHOOT',0,0,0,0,0),(185,'311','71202100010','DISHANT BHARAT GALA',0,0,0,0,0),(186,'313','71202100011','HARPREET MAHENDRASINGH KHANUJA',0,0,0,0,0),(187,'314','71202100013','KANGAN SANJAY DUREJA',0,0,0,0,0),(188,'315','71202100014','VIKAS KAMLESH KASLIWAL',0,0,0,0,0),(189,'316','71202100015','KRATI AVINASHKUMAR CHATURVEDI',0,0,0,0,0),(190,'317','71202100016','MANSI HARCHARAN NARANG',0,0,0,0,0),(191,'318','71202100017','MERU DEEPAK BHATNAGAR',0,0,0,0,0),(192,'320','71202100019','NISHIT SANDEEP SONI',0,0,0,0,0),(193,'321','71202100020','PIYUSH NARESH BHANDARI',0,0,0,0,0),(194,'322','71202100021','PRASHASYA ATUL KUMAR CHOUDHARY',0,0,0,0,0),(195,'323','71202100023','PRIYAM RAJIV KUMAR MAHESHWARI',0,0,0,0,0),(196,'324','71202100025','PUNIT L D MALIK',0,0,0,0,0),(197,'325','71202100026','RAHUL OMPRAKASH MANDLIYA',0,0,0,0,0),(198,'326','71202100027','RAJAN KACHARULAL SHARMA',0,0,0,0,0),(199,'327','71202100028','ROMAN ABDUL SAMAD SHAIKH',0,0,0,0,0),(200,'328','71202100029','SHREYA SURENDRA KUMAR SRIVASTAVA',0,0,0,0,0),(201,'329','71202100030','SIDDHANT MANOJ KUMAR JAIN',0,0,0,0,0),(202,'331','71202100032','SPARSH DILIP PATHAK',0,0,0,0,0),(203,'332','71202100033','SUMIT BIBEKANAND NAYAK',0,0,0,0,0),(204,'333','71202100034','SWATI RAMESH AHUJA',0,0,0,0,0),(205,'334','71202099002','TANMAY RAKESH SHARMA',0,0,0,0,0),(206,'335','71202099003','TARUN RAJENDRA MAHAJAN',0,0,0,0,0),(207,'336','71202099004','TUSHAR RAJEEV MITTAL',0,0,0,0,0),(208,'337','71202100035','VAIBHAVI ATUL PUJARA',0,0,0,0,0),(209,'338','71202100036','VAISHNAVI K. RAVI KUMAR .',0,0,0,0,0),(210,'340','71202099005','MOHIT SHYAMSUNDER YADAV',0,0,0,0,0),(211,'341','71202118001','CHANDRASHEKHAR NARAYAN NAGLE',0,0,0,0,0),(212,'342','71202118002','ADITYA MANOJ DESHPANDE',0,0,0,0,0),(213,'343','71202118003','DHARESH LALIT VYAS',0,0,0,0,0),(214,'344','71202118004','SANJAY KUMAR ARUN SINGH',0,0,0,0,0),(215,'346','71202118006','BALJITSING KUNDANSINGH CHAUDHARI',0,0,0,0,0),(216,'347','71202118007','ANIKET KETAN SURANI',0,0,0,0,0),(217,'350','71202098066','BHAVIK MANOJKUMAR SHAH',0,0,0,0,0),(218,'351','71201100004','NIKITA ASHOK LONDHE',0,0,0,0,0),(219,'352','71201099001','UTTAM KAMAL MISHRA',0,0,0,0,0),(220,'353','71201100005','VISHAKHA BINOD KUMAR SHARMA',0,0,0,0,0);

/*Table structure for table `facfri` */

DROP TABLE IF EXISTS `facfri`;

CREATE TABLE `facfri` (
  `fid` varchar(5) NOT NULL,
  `facname` varchar(50) NOT NULL,
  `nine` varchar(50) NOT NULL,
  `ten` varchar(50) NOT NULL,
  `eleven` varchar(50) NOT NULL,
  `twelve` varchar(50) NOT NULL,
  `one` varchar(50) NOT NULL,
  `two` varchar(50) NOT NULL,
  `three` varchar(50) NOT NULL,
  `four` varchar(50) NOT NULL
) ENGINE=InnoDB DEFAULT CHARSET=latin1;

/*Data for the table `facfri` */

insert  into `facfri`(`fid`,`facname`,`nine`,`ten`,`eleven`,`twelve`,`one`,`two`,`three`,`four`) values ('C006','Sachin Chavan','DC','','DC(P.R)','DC(P.R)','','','NT',''),('C004','Rohit Pachlor','','','COA','','PW(P.R)','PW(P.R)','',''),('C003','Amit Kelotra','SP(P.R)','SP(P.R)','','','','','',''),('C009','Mayank Sohani','','','','','ICC','OS','',''),('C004','Rohit Pachlor','MC','COA','','','','NT(P.R)','NT(P.R)','');

/*Table structure for table `facmon` */

DROP TABLE IF EXISTS `facmon`;

CREATE TABLE `facmon` (
  `fid` varchar(5) NOT NULL,
  `facname` varchar(50) NOT NULL,
  `nine` varchar(50) NOT NULL,
  `ten` varchar(50) NOT NULL,
  `eleven` varchar(50) NOT NULL,
  `twelve` varchar(50) NOT NULL,
  `one` varchar(50) NOT NULL,
  `two` varchar(50) NOT NULL,
  `three` varchar(50) NOT NULL,
  `four` varchar(50) NOT NULL
) ENGINE=InnoDB DEFAULT CHARSET=latin1;

/*Data for the table `facmon` */

insert  into `facmon`(`fid`,`facname`,`nine`,`ten`,`eleven`,`twelve`,`one`,`two`,`three`,`four`) values ('C006','Sachin Chavan','ADC(P.R)','ADC(P.R)','DC','','','ADC','',''),('C004','Rohit Pachlor','','','COA','','PW(P.R)','PW(P.R)','',''),('C003','Amit Kelotra','','MC','','','SP','','',''),('C009','Mayank Sohani','ICC','OS','','','ICC(P.R)','ICC(P.R)','',''),('C004','Rohit Pachlor','COA','','MC','','','NT(P.R)','NT(P.R)','');

/*Table structure for table `facsat` */

DROP TABLE IF EXISTS `facsat`;

CREATE TABLE `facsat` (
  `fid` varchar(5) NOT NULL,
  `facname` varchar(50) NOT NULL,
  `nine` varchar(50) NOT NULL,
  `ten` varchar(50) NOT NULL,
  `eleven` varchar(50) NOT NULL,
  `twelve` varchar(50) NOT NULL,
  `one` varchar(50) NOT NULL,
  `two` varchar(50) NOT NULL,
  `three` varchar(50) NOT NULL,
  `four` varchar(50) NOT NULL
) ENGINE=InnoDB DEFAULT CHARSET=latin1;

/*Data for the table `facsat` */

insert  into `facsat`(`fid`,`facname`,`nine`,`ten`,`eleven`,`twelve`,`one`,`two`,`three`,`four`) values ('C006','Sachin Chavan','ADC','','','','','','',''),('C004','Rohit Pachlor','MC(P.R)','MC(P.R)','MC','','','','',''),('C003','Amit Kelotra','','','','MC','','','',''),('C009','Mayank Sohani','','ICC(P.R)','ICC(P.R)','','','','OS',''),('C004','Rohit Pachlor','','','NT(P.R)','NT(P.R)','','','','');

/*Table structure for table `facthur` */

DROP TABLE IF EXISTS `facthur`;

CREATE TABLE `facthur` (
  `fid` varchar(5) NOT NULL,
  `facname` varchar(50) NOT NULL,
  `nine` varchar(50) NOT NULL,
  `ten` varchar(50) NOT NULL,
  `eleven` varchar(50) NOT NULL,
  `twelve` varchar(50) NOT NULL,
  `one` varchar(50) NOT NULL,
  `two` varchar(50) NOT NULL,
  `three` varchar(50) NOT NULL,
  `four` varchar(50) NOT NULL
) ENGINE=InnoDB DEFAULT CHARSET=latin1;

/*Data for the table `facthur` */

insert  into `facthur`(`fid`,`facname`,`nine`,`ten`,`eleven`,`twelve`,`one`,`two`,`three`,`four`) values ('C006','Sachin Chavan','','','DC(P.R)','DC(P.R)','','NT','',''),('C004','Rohit Pachlor','','MC','COA','','','','',''),('C003','Amit Kelotra','SP(P.R)','SP(P.R)','MC(P.R)','MC(P.R)','','','',''),('C009','Mayank Sohani','OS','ICC','','','','','',''),('C004','Rohit Pachlor','','MC(P.R)','MC(P.R)','','','PW(P.R)','','');

/*Table structure for table `factue` */

DROP TABLE IF EXISTS `factue`;

CREATE TABLE `factue` (
  `fid` varchar(5) NOT NULL,
  `facname` varchar(50) NOT NULL,
  `nine` varchar(50) NOT NULL,
  `ten` varchar(50) NOT NULL,
  `eleven` varchar(50) NOT NULL,
  `twelve` varchar(50) NOT NULL,
  `one` varchar(50) NOT NULL,
  `two` varchar(50) NOT NULL,
  `three` varchar(50) NOT NULL,
  `four` varchar(50) NOT NULL
) ENGINE=InnoDB DEFAULT CHARSET=latin1;

/*Data for the table `factue` */

insert  into `factue`(`fid`,`facname`,`nine`,`ten`,`eleven`,`twelve`,`one`,`two`,`three`,`four`) values ('C006','Sachin Chavan','ADC(P.R)','ADC(P.R)','','','','ADC','',''),('C004','Rohit Pachlor','MC(P.R)','MC(P.R)','NT(P.R)','NT(P.R)','','','',''),('C003','Amit Kelotra','SP(P.R)','SP(P.R)','MC(P.R)','MC(P.R)','','','',''),('C009','Mayank Sohani','','OS(P.R)','OS(P.R)','','','','',''),('C004','Rohit Pachlor','','','MC(P.R)','MC(P.R)','','','','COA');

/*Table structure for table `faculty` */

DROP TABLE IF EXISTS `faculty`;

CREATE TABLE `faculty` (
  `fno` int(11) NOT NULL AUTO_INCREMENT,
  `name` varchar(50) NOT NULL,
  `qualification` varchar(50) NOT NULL,
  `expertise` varchar(50) NOT NULL,
  PRIMARY KEY (`fno`)
) ENGINE=InnoDB DEFAULT CHARSET=latin1;

/*Data for the table `faculty` */

/*Table structure for table `facwed` */

DROP TABLE IF EXISTS `facwed`;

CREATE TABLE `facwed` (
  `fid` varchar(5) NOT NULL,
  `facname` varchar(50) NOT NULL,
  `nine` varchar(50) NOT NULL,
  `ten` varchar(50) NOT NULL,
  `eleven` varchar(50) NOT NULL,
  `twelve` varchar(50) NOT NULL,
  `one` varchar(50) NOT NULL,
  `two` varchar(50) NOT NULL,
  `three` varchar(50) NOT NULL,
  `four` varchar(50) NOT NULL
) ENGINE=InnoDB DEFAULT CHARSET=latin1;

/*Data for the table `facwed` */

insert  into `facwed`(`fid`,`facname`,`nine`,`ten`,`eleven`,`twelve`,`one`,`two`,`three`,`four`) values ('C006','Sachin Chavan','ADC(P.R)','ADC(P.R)','DC','','ADC','','',''),('C004','Rohit Pachlor','','','NT(P.R)','NT(P.R)','','','MC',''),('C003','Amit Kelotra','','MC','','','','SP','',''),('C009','Mayank Sohani','','ICC','','','','','ICC(P.R)','ICC(P.R)'),('C004','Rohit Pachlor','PW(P.R)','PW(P.R)','','MC','','','COA','');

/*Table structure for table `feedback` */

DROP TABLE IF EXISTS `feedback`;

CREATE TABLE `feedback` (
  `srno` int(11) NOT NULL AUTO_INCREMENT,
  `rollno` varchar(20) NOT NULL,
  `stream` varchar(20) NOT NULL,
  `year` varchar(20) NOT NULL,
  `subject` varchar(20) NOT NULL,
  `faculty` varchar(20) NOT NULL,
  `status` varchar(20) NOT NULL,
  PRIMARY KEY (`srno`)
) ENGINE=InnoDB AUTO_INCREMENT=4 DEFAULT CHARSET=latin1;

/*Data for the table `feedback` */

insert  into `feedback`(`srno`,`rollno`,`stream`,`year`,`subject`,`faculty`,`status`) values (1,'307','B.Tech','4','MC','Amit Kelotra','90% syllabus is comp'),(2,'307','B.Tech','4','DC','Sachin Chavan','80% syllabus is comp'),(3,'307','B.Tech','4','MMS','Dr M.V.Deshpande','complete');

/*Table structure for table `friday` */

DROP TABLE IF EXISTS `friday`;

CREATE TABLE `friday` (
  `srno` int(11) NOT NULL AUTO_INCREMENT,
  `stream` varchar(50) NOT NULL,
  `year` int(11) NOT NULL,
  `nine` varchar(50) NOT NULL,
  `ten` varchar(50) NOT NULL,
  `eleven` varchar(50) NOT NULL,
  `twelve` varchar(50) NOT NULL,
  `one` varchar(50) NOT NULL,
  `two` varchar(50) NOT NULL,
  `three` varchar(50) NOT NULL,
  `four` varchar(50) NOT NULL,
  PRIMARY KEY (`srno`)
) ENGINE=InnoDB AUTO_INCREMENT=25 DEFAULT CHARSET=latin1;

/*Data for the table `friday` */

insert  into `friday`(`srno`,`stream`,`year`,`nine`,`ten`,`eleven`,`twelve`,`one`,`two`,`three`,`four`) values (7,'B.Tech',4,'DC','','DC(P.R)','','','Project','Project',''),(8,'B.Tech',4,'','','MMS(P.R)','','','','',''),(9,'B.Tech',4,'','','','','','','',''),(10,'B.Tech',2,'CN','CN','','','CN','EM(P.R)','EM(P.R)',''),(11,'B.Tech',2,'SP','SP','','','','','',''),(12,'B.Tech',2,'IT(P.R)','IT(P.R)','','','','','',''),(13,'B.Tech',3,'COI','FWT','IP','','ISM','PW(P.R)','PW(P.R)',''),(14,'B.Tech',3,'','','','','OR','OOSE(P.R)','OOSE(P.R)',''),(15,'B.Tech',3,'','','','','ADBMS','FWT(P.R)','FWT(P.R)',''),(16,'MBA.Tech',2,'SM','OS','CN(P.R)','CN(P.R)','','ADC','NT',''),(17,'MBA.Tech',2,'','','OS(P.R)','OS(P.R)','','','',''),(18,'MBA.Tech',2,'','','','','','','',''),(19,'MBA.Tech',3,'SS','','MCEP','','ISM','FA','','SHEMS'),(20,'MBA.Tech',3,'','','','','','','',''),(21,'MBA.Tech',3,'','','','','','','',''),(22,'B.Tech',4,'','','','','','','',''),(23,'B.Tech',4,'','','','','','','',''),(24,'B.Tech',4,'','','','','','','','');

/*Table structure for table `mba_2` */

DROP TABLE IF EXISTS `mba_2`;

CREATE TABLE `mba_2` (
  `srno` int(11) NOT NULL,
  `Rollno` varchar(11) NOT NULL,
  `SAP` text NOT NULL,
  `Name` varchar(50) NOT NULL,
  `NT` int(11) NOT NULL,
  `OS` int(11) NOT NULL,
  `MP` int(11) NOT NULL,
  `CN` int(11) NOT NULL,
  `ADC` int(11) NOT NULL,
  `PPM` int(11) NOT NULL,
  `SM` int(11) NOT NULL
) ENGINE=InnoDB DEFAULT CHARSET=latin1;

/*Data for the table `mba_2` */

insert  into `mba_2`(`srno`,`Rollno`,`SAP`,`Name`,`NT`,`OS`,`MP`,`CN`,`ADC`,`PPM`,`SM`) values (0,'M801','71210120001','DIVYA ANOOP AHUJA',0,0,0,0,0,0,0),(0,'M802','71210120002','ASHUTOSH NITIN AJGAONKAR',0,0,0,0,0,0,0),(0,'M803','71210120003','MOHAMMAD SHAKILHAIDERJAISI ALI',0,0,0,0,0,0,0),(0,'M804','71210120004','SAMARTH SHAILESH BHARAL',0,0,0,0,0,0,0),(0,'M805','71210120005','PRAFUL PRAVIN BHARGAVA',0,0,0,0,0,0,0),(0,'M806','71210120006','AVNEESH ARVINDERPAL BHATIA',0,0,0,0,0,0,0),(0,'M807','71210120007','MRIDUL SANJAY BHATNAGAR',0,0,0,0,0,0,0),(0,'M808','71210120008','SARANSH RAJEEV KUMAR BHATT',0,0,0,0,0,0,0),(0,'M809','71210120009','ANKUSH VIVEK CHAKNALWAR',0,0,0,0,0,0,0),(0,'M810','71210120010','BIPROJIT BISWAJIT CHAKRABORTY',0,0,0,0,0,0,0),(0,'M811','71210120011','KUNAL ASHOK GOYAL',0,0,0,0,0,0,0),(0,'M812','71210120012','ASTHA HARISH GUPTA',0,0,0,0,0,0,0),(0,'M813','71210120013','AYUSHI KAMAL GUPTA',0,0,0,0,0,0,0),(0,'M814','71210120014','SHASHWAT ARUNKUMAR GUPTA',0,0,0,0,0,0,0),(0,'M815','71210120015','PRASHAM PRANJEEEVAN JAIN',0,0,0,0,0,0,0),(0,'M816','71210120016','SUYASH SURESH JAIN',0,0,0,0,0,0,0),(0,'M817','71210120017','APOORVA PANKAJ JAJOO',0,0,0,0,0,0,0),(0,'M818','71210120018','SHREYA AKHILESH KHARE',0,0,0,0,0,0,0),(0,'M819','71210120019','AKSHAY RAJENDRA KHATRI',0,0,0,0,0,0,0),(0,'M820','71210120020','TEJASV MANISH KUMAR',0,0,0,0,0,0,0),(0,'M821','71210120021','AAKARSHA ASHWANI LAMBA',0,0,0,0,0,0,0),(0,'M822','71210120022','ARNAV AJAYGUPTA MAHAJAN',0,0,0,0,0,0,0),(0,'M823','71210120023','SURBHI MAHENDRA CHORARIA',0,0,0,0,0,0,0),(0,'M825','71210120025','ISHAN TRILOK MANCHANDA',0,0,0,0,0,0,0),(0,'M826','71210120026','YASH ANIL MANGAL',0,0,0,0,0,0,0),(0,'M827','71210120027','SHUBHAM ANAND NEEMA',0,0,0,0,0,0,0),(0,'M828','71210120028','APURVE MANOJKUMAR PAHARIA',0,0,0,0,0,0,0),(0,'M829','71210120029','CHINMAYY YOGESH PUROHIT',0,0,0,0,0,0,0),(0,'M830','71210120030','SHIVAM RAJEEV SETH',0,0,0,0,0,0,0),(0,'M831','71210120031','HARSH SHAILESH SHAH',0,0,0,0,0,0,0),(0,'M832','71210120032','SWARNIM SANJAY SHRIVASTAVA',0,0,0,0,0,0,0),(0,'M833','71210120033','ABHIJIT ARVIND SHUKLA',0,0,0,0,0,0,0),(0,'M834','71210120034','AKANSHA RAJNISHKUMAR SINHA',0,0,0,0,0,0,0),(0,'M835','71210120035','PRAKHAR MANOJ SUROLIA',0,0,0,0,0,0,0),(0,'M836','71210120036','ADITYA JAGMOHAN TANEJA',0,0,0,0,0,0,0),(0,'M837','71210120037','VIPUL BRIJBIHARI TRIPATHI',0,0,0,0,0,0,0),(0,'M838','71210120038','PRATITI GAUTAM TRIVEDI',0,0,0,0,0,0,0),(0,'M839','71210120039','AVINASH RAGHAVAN VIJAYARAGHAVAN',0,0,0,0,0,0,0),(0,'M840','71210120040','AKHIL PRAMOD YADAV',0,0,0,0,0,0,0),(0,'M841','71210120041','NISARG MAYANK YAGNIK',0,0,0,0,0,0,0),(0,'','71208120007','KARAN DUBEY',0,0,0,0,0,0,0),(0,'','71210110016','PULEEN GUPTA',0,0,0,0,0,0,0),(0,'M905','71206120005','GARIMA CHAUDHARY',0,0,0,0,0,0,0);

/*Table structure for table `mba_22` */

DROP TABLE IF EXISTS `mba_22`;

CREATE TABLE `mba_22` (
  `srno` int(11) NOT NULL,
  `Rollno` varchar(11) NOT NULL,
  `SAP` text NOT NULL,
  `Name` varchar(50) NOT NULL,
  `NT` int(11) NOT NULL,
  `OS` int(11) NOT NULL,
  `MP` int(11) NOT NULL,
  `CN` int(11) NOT NULL,
  `ADC` int(11) NOT NULL,
  `PPM` int(11) NOT NULL,
  `SM` int(11) NOT NULL
) ENGINE=InnoDB DEFAULT CHARSET=latin1;

/*Data for the table `mba_22` */

insert  into `mba_22`(`srno`,`Rollno`,`SAP`,`Name`,`NT`,`OS`,`MP`,`CN`,`ADC`,`PPM`,`SM`) values (0,'M801','71210120001','DIVYA ANOOP AHUJA',0,0,0,0,0,0,0),(0,'M802','71210120002','ASHUTOSH NITIN AJGAONKAR',0,0,0,0,0,0,0),(0,'M803','71210120003','MOHAMMAD SHAKILHAIDERJAISI ALI',0,0,0,0,0,0,0),(0,'M804','71210120004','SAMARTH SHAILESH BHARAL',0,0,0,0,0,0,0),(0,'M805','71210120005','PRAFUL PRAVIN BHARGAVA',0,0,0,0,0,0,0),(0,'M806','71210120006','AVNEESH ARVINDERPAL BHATIA',0,0,0,0,0,0,0),(0,'M807','71210120007','MRIDUL SANJAY BHATNAGAR',0,0,0,0,0,0,0),(0,'M808','71210120008','SARANSH RAJEEV KUMAR BHATT',0,0,0,0,0,0,0),(0,'M809','71210120009','ANKUSH VIVEK CHAKNALWAR',0,0,0,0,0,0,0),(0,'M810','71210120010','BIPROJIT BISWAJIT CHAKRABORTY',0,0,0,0,0,0,0),(0,'M811','71210120011','KUNAL ASHOK GOYAL',0,0,0,0,0,0,0),(0,'M812','71210120012','ASTHA HARISH GUPTA',0,0,0,0,0,0,0),(0,'M813','71210120013','AYUSHI KAMAL GUPTA',0,0,0,0,0,0,0),(0,'M814','71210120014','SHASHWAT ARUNKUMAR GUPTA',0,0,0,0,0,0,0),(0,'M815','71210120015','PRASHAM PRANJEEEVAN JAIN',0,0,0,0,0,0,0),(0,'M816','71210120016','SUYASH SURESH JAIN',0,0,0,0,0,0,0),(0,'M817','71210120017','APOORVA PANKAJ JAJOO',0,0,0,0,0,0,0),(0,'M818','71210120018','SHREYA AKHILESH KHARE',0,0,0,0,0,0,0),(0,'M819','71210120019','AKSHAY RAJENDRA KHATRI',0,0,0,0,0,0,0),(0,'M820','71210120020','TEJASV MANISH KUMAR',0,0,0,0,0,0,0),(0,'M821','71210120021','AAKARSHA ASHWANI LAMBA',0,0,0,0,0,0,0),(0,'M822','71210120022','ARNAV AJAYGUPTA MAHAJAN',0,0,0,0,0,0,0),(0,'M823','71210120023','SURBHI MAHENDRA CHORARIA',0,0,0,0,0,0,0),(0,'M825','71210120025','ISHAN TRILOK MANCHANDA',0,0,0,0,0,0,0),(0,'M826','71210120026','YASH ANIL MANGAL',0,0,0,0,0,0,0),(0,'M827','71210120027','SHUBHAM ANAND NEEMA',0,0,0,0,0,0,0),(0,'M828','71210120028','APURVE MANOJKUMAR PAHARIA',0,0,0,0,0,0,0),(0,'M829','71210120029','CHINMAYY YOGESH PUROHIT',0,0,0,0,0,0,0),(0,'M830','71210120030','SHIVAM RAJEEV SETH',0,0,0,0,0,0,0),(0,'M831','71210120031','HARSH SHAILESH SHAH',0,0,0,0,0,0,0),(0,'M832','71210120032','SWARNIM SANJAY SHRIVASTAVA',0,0,0,0,0,0,0),(0,'M833','71210120033','ABHIJIT ARVIND SHUKLA',0,0,0,0,0,0,0),(0,'M834','71210120034','AKANSHA RAJNISHKUMAR SINHA',0,0,0,0,0,0,0),(0,'M835','71210120035','PRAKHAR MANOJ SUROLIA',0,0,0,0,0,0,0),(0,'M836','71210120036','ADITYA JAGMOHAN TANEJA',0,0,0,0,0,0,0),(0,'M837','71210120037','VIPUL BRIJBIHARI TRIPATHI',0,0,0,0,0,0,0),(0,'M838','71210120038','PRATITI GAUTAM TRIVEDI',0,0,0,0,0,0,0),(0,'M839','71210120039','AVINASH RAGHAVAN VIJAYARAGHAVAN',0,0,0,0,0,0,0),(0,'M840','71210120040','AKHIL PRAMOD YADAV',0,0,0,0,0,0,0),(0,'M841','71210120041','NISARG MAYANK YAGNIK',0,0,0,0,0,0,0),(0,'','71208120007','KARAN DUBEY',0,0,0,0,0,0,0),(0,'','71210110016','PULEEN GUPTA',0,0,0,0,0,0,0),(0,'M905','71206120005','GARIMA CHAUDHARY',0,0,0,0,0,0,0);

/*Table structure for table `mba_3` */

DROP TABLE IF EXISTS `mba_3`;

CREATE TABLE `mba_3` (
  `srno` int(11) NOT NULL,
  `Rollno` varchar(11) NOT NULL,
  `SAP` text NOT NULL,
  `Name` varchar(50) NOT NULL,
  `IP` int(11) NOT NULL,
  `MC` int(11) NOT NULL,
  `MCEP` int(11) NOT NULL,
  `FA` int(11) NOT NULL,
  `PM` int(11) NOT NULL,
  `ISM` int(11) NOT NULL,
  `SHEMS` int(11) NOT NULL
) ENGINE=InnoDB DEFAULT CHARSET=latin1;

/*Data for the table `mba_3` */

insert  into `mba_3`(`srno`,`Rollno`,`SAP`,`Name`,`IP`,`MC`,`MCEP`,`FA`,`PM`,`ISM`,`SHEMS`) values (0,'N001','71210110001','ASMITA SWAPNIL SURESH KUMAR PANDEY',0,0,0,0,0,0,0),(0,'N002','71210110002','VISHWAS  UPPAL',0,0,0,0,0,0,0),(0,'N003','71210110003','NISHCHEY  ARORA',0,0,0,0,0,0,0),(0,'N004','71210110004','TUSHAR  JAIN',0,0,0,0,0,0,0),(0,'N005','71210110005','PRANJAL  BAWESA',0,0,0,0,0,0,0),(0,'N006','71210110006','RAHUL SINGH  .',0,0,0,0,0,0,0),(0,'N007','71210110007','SHREY  GUPTA',0,0,0,0,0,0,0),(0,'N008','71210110008','JAIMIK  THAKORE',0,0,0,0,0,0,0),(0,'N009','71210110009','VISHAL SANJEEV GUGNANI',0,0,0,0,0,0,0),(0,'N010','71210110013','SURAJ  SINGH',0,0,0,0,0,0,0),(0,'N011','71210110010','MAYANK  GODBOLE',0,0,0,0,0,0,0),(0,'N012','71210110011','ROHAN  JINDAL',0,0,0,0,0,0,0),(0,'N013','71210110012','ANKIT  MEHTA',0,0,0,0,0,0,0),(0,'N014','71210110014','RAKSHIT  SINHA',0,0,0,0,0,0,0),(0,'N015','71210110015','SUVIR  BHATOTIA',0,0,0,0,0,0,0),(0,'N017','71210110017','SHUBHAM PRAMOD KUMAR',0,0,0,0,0,0,0),(0,'N018','71210110018','ADARSH  MITTAL',0,0,0,0,0,0,0),(0,'N019','71210110019','HARSH RANJAN PRAKASH GUPTA',0,0,0,0,0,0,0),(0,'N020','71210110028','ROHIT KUMAR  BISHNOI',0,0,0,0,0,0,0),(0,'N021','71210110027','HARSHITA  GULATI',0,0,0,0,0,0,0),(0,'N022','71210110020','PRAKHAR  JAIN',0,0,0,0,0,0,0),(0,'N023','71210110021','TUHINA  SHARMA',0,0,0,0,0,0,0),(0,'N024','71210110022','UDAY PRATAP  ',0,0,0,0,0,0,0),(0,'N025','71210110023','HIMANSHU  BAFNA',0,0,0,0,0,0,0),(0,'N026','71210110029','SUKANYA  PHUL',0,0,0,0,0,0,0),(0,'N027','71210110026','MANAS  SRIVASTAVA',0,0,0,0,0,0,0),(0,'N028','71210110037','ANKIT KUMAR  .',0,0,0,0,0,0,0),(0,'N029','71210110032','PRIYAM ANIL SAXENA',0,0,0,0,0,0,0),(0,'N030','71210110031','SANKET  JAIN',0,0,0,0,0,0,0),(0,'N032','71210110035','SAMKIT  SHAH',0,0,0,0,0,0,0),(0,'N033','71210110036','KHYATI  SAINI',0,0,0,0,0,0,0),(0,'N034','71210110024','ANKIT  KRISHNA',0,0,0,0,0,0,0),(0,'N035','71210110030','PARISHI AJAY SHAH',0,0,0,0,0,0,0),(0,'N036','71210110025','RISHAV  RAJ',0,0,0,0,0,0,0),(0,'N037','71210110039','MEET  DAVE',0,0,0,0,0,0,0),(0,'N038','71210110040','KUSHAGRA  SHARMA',0,0,0,0,0,0,0),(0,'N039','71210110038','ADITII  JAIN',0,0,0,0,0,0,0),(0,'N040','71210110033','VIDHI  TANNA',0,0,0,0,0,0,0),(0,'N042','71206110040','AMBUJ  SONI',0,0,0,0,0,0,0),(0,'N043','71206110024','VAIBHAV  MAKKAR',0,0,0,0,0,0,0);

/*Table structure for table `mba_32` */

DROP TABLE IF EXISTS `mba_32`;

CREATE TABLE `mba_32` (
  `srno` int(11) NOT NULL,
  `Rollno` varchar(11) NOT NULL,
  `SAP` text NOT NULL,
  `Name` varchar(50) NOT NULL,
  `IP` int(11) NOT NULL,
  `MC` int(11) NOT NULL,
  `MCEP` int(11) NOT NULL,
  `FA` int(11) NOT NULL,
  `PM` int(11) NOT NULL,
  `ISM` int(11) NOT NULL,
  `SHEMS` int(11) NOT NULL
) ENGINE=InnoDB DEFAULT CHARSET=latin1;

/*Data for the table `mba_32` */

insert  into `mba_32`(`srno`,`Rollno`,`SAP`,`Name`,`IP`,`MC`,`MCEP`,`FA`,`PM`,`ISM`,`SHEMS`) values (0,'N001','71210110001','ASMITA SWAPNIL SURESH KUMAR PANDEY',0,0,0,0,0,0,0),(0,'N002','71210110002','VISHWAS  UPPAL',0,0,0,0,0,0,0),(0,'N003','71210110003','NISHCHEY  ARORA',0,0,0,0,0,0,0),(0,'N004','71210110004','TUSHAR  JAIN',0,0,0,0,0,0,0),(0,'N005','71210110005','PRANJAL  BAWESA',0,0,0,0,0,0,0),(0,'N006','71210110006','RAHUL SINGH  .',0,0,0,0,0,0,0),(0,'N007','71210110007','SHREY  GUPTA',0,0,0,0,0,0,0),(0,'N008','71210110008','JAIMIK  THAKORE',0,0,0,0,0,0,0),(0,'N009','71210110009','VISHAL SANJEEV GUGNANI',0,0,0,0,0,0,0),(0,'N010','71210110013','SURAJ  SINGH',0,0,0,0,0,0,0),(0,'N011','71210110010','MAYANK  GODBOLE',0,0,0,0,0,0,0),(0,'N012','71210110011','ROHAN  JINDAL',0,0,0,0,0,0,0),(0,'N013','71210110012','ANKIT  MEHTA',0,0,0,0,0,0,0),(0,'N014','71210110014','RAKSHIT  SINHA',0,0,0,0,0,0,0),(0,'N015','71210110015','SUVIR  BHATOTIA',0,0,0,0,0,0,0),(0,'N017','71210110017','SHUBHAM PRAMOD KUMAR',0,0,0,0,0,0,0),(0,'N018','71210110018','ADARSH  MITTAL',0,0,0,0,0,0,0),(0,'N019','71210110019','HARSH RANJAN PRAKASH GUPTA',0,0,0,0,0,0,0),(0,'N020','71210110028','ROHIT KUMAR  BISHNOI',0,0,0,0,0,0,0),(0,'N021','71210110027','HARSHITA  GULATI',0,0,0,0,0,0,0),(0,'N022','71210110020','PRAKHAR  JAIN',0,0,0,0,0,0,0),(0,'N023','71210110021','TUHINA  SHARMA',0,0,0,0,0,0,0),(0,'N024','71210110022','UDAY PRATAP  ',0,0,0,0,0,0,0),(0,'N025','71210110023','HIMANSHU  BAFNA',0,0,0,0,0,0,0),(0,'N026','71210110029','SUKANYA  PHUL',0,0,0,0,0,0,0),(0,'N027','71210110026','MANAS  SRIVASTAVA',0,0,0,0,0,0,0),(0,'N028','71210110037','ANKIT KUMAR  .',0,0,0,0,0,0,0),(0,'N029','71210110032','PRIYAM ANIL SAXENA',0,0,0,0,0,0,0),(0,'N030','71210110031','SANKET  JAIN',0,0,0,0,0,0,0),(0,'N032','71210110035','SAMKIT  SHAH',0,0,0,0,0,0,0),(0,'N033','71210110036','KHYATI  SAINI',0,0,0,0,0,0,0),(0,'N034','71210110024','ANKIT  KRISHNA',0,0,0,0,0,0,0),(0,'N035','71210110030','PARISHI AJAY SHAH',0,0,0,0,0,0,0),(0,'N036','71210110025','RISHAV  RAJ',0,0,0,0,0,0,0),(0,'N037','71210110039','MEET  DAVE',0,0,0,0,0,0,0),(0,'N038','71210110040','KUSHAGRA  SHARMA',0,0,0,0,0,0,0),(0,'N039','71210110038','ADITII  JAIN',0,0,0,0,0,0,0),(0,'N040','71210110033','VIDHI  TANNA',0,0,0,0,0,0,0),(0,'N042','71206110040','AMBUJ  SONI',0,0,0,0,0,0,0),(0,'N043','71206110024','VAIBHAV  MAKKAR',0,0,0,0,0,0,0);

/*Table structure for table `monday` */

DROP TABLE IF EXISTS `monday`;

CREATE TABLE `monday` (
  `srno` int(11) NOT NULL AUTO_INCREMENT,
  `stream` varchar(50) NOT NULL,
  `year` int(11) NOT NULL,
  `nine` varchar(50) NOT NULL,
  `ten` varchar(50) NOT NULL,
  `eleven` varchar(50) NOT NULL,
  `twelve` varchar(50) NOT NULL,
  `one` varchar(50) NOT NULL,
  `two` varchar(50) NOT NULL,
  `three` varchar(50) NOT NULL,
  `four` varchar(50) NOT NULL,
  PRIMARY KEY (`srno`)
) ENGINE=InnoDB AUTO_INCREMENT=49 DEFAULT CHARSET=latin1;

/*Data for the table `monday` */

insert  into `monday`(`srno`,`stream`,`year`,`nine`,`ten`,`eleven`,`twelve`,`one`,`two`,`three`,`four`) values (31,'B.Tech',4,'MMS','MC','DC','','','ICC(P.R)','ICC(P.R)',''),(32,'B.Tech',4,'','','','','','','',''),(33,'B.Tech',4,'','','','','','','',''),(34,'B.Tech',2,'ADC','ADC','COA','','SP','','',''),(35,'B.Tech',2,'ADC','OS','','','','','',''),(36,'B.Tech',2,'ADC','CN','','','','','',''),(37,'B.Tech',3,'IEM','MAD','','','IP(P.R)','IP(P.R)','',''),(38,'B.Tech',3,'IEM','','','','MAD(P.R)','MAD(P.R)','',''),(39,'B.Tech',3,'IEM','','','','PW(P.R)','PW(P.R)','',''),(40,'MBA.Tech',2,'CN','','MAD(P.R)','MAD(P.R)','','ADC','',''),(41,'MBA.Tech',2,'CN','','MP(P.R)','MP(P.R)','','','',''),(42,'MBA.Tech',2,'CN','','','','','','',''),(43,'MBA.Tech',3,'SS(P.R)','SS(P.R)','','','SS','MCEP','',''),(44,'MBA.Tech',3,'SS(P.R)','MCEP(P.R)','','','','','',''),(45,'MBA.Tech',3,'SS(P.R)','','','','','','',''),(46,'B.Tech',4,'','','','','','','',''),(47,'B.Tech',4,'','','','','','','',''),(48,'B.Tech',4,'','','','','','','','');

/*Table structure for table `saturday` */

DROP TABLE IF EXISTS `saturday`;

CREATE TABLE `saturday` (
  `srno` int(11) NOT NULL AUTO_INCREMENT,
  `stream` varchar(50) NOT NULL,
  `year` int(11) NOT NULL,
  `nine` varchar(50) NOT NULL,
  `ten` varchar(50) NOT NULL,
  `eleven` varchar(50) NOT NULL,
  `twelve` varchar(50) NOT NULL,
  `one` varchar(50) NOT NULL,
  `two` varchar(50) NOT NULL,
  `three` varchar(50) NOT NULL,
  `four` varchar(50) NOT NULL,
  PRIMARY KEY (`srno`)
) ENGINE=InnoDB AUTO_INCREMENT=47 DEFAULT CHARSET=latin1;

/*Data for the table `saturday` */

insert  into `saturday`(`srno`,`stream`,`year`,`nine`,`ten`,`eleven`,`twelve`,`one`,`two`,`three`,`four`) values (29,'B.Tech',4,'GIS(P.R)','ICC(P.R)','GIS(P.R)','ICC(P.R)','','','',''),(30,'B.Tech',4,'','','','','','','',''),(31,'B.Tech',4,'','','','','','','',''),(32,'B.Tech',2,'ADC','','','','OS','ES','ES',''),(33,'B.Tech',2,'','','','','','','',''),(34,'B.Tech',2,'','','','','','','',''),(35,'B.Tech',3,'COI','OOSE','OOSE(P.R)','OOSE(P.R)','','','',''),(36,'B.Tech',3,'','','PW(P.R)','PW(P.R)','','','',''),(37,'B.Tech',3,'','','IP(P.R)','IP(P.R)','','','',''),(38,'MBA.Tech',2,'CN','SM','MP(P.R)','MP(P.R)','','','',''),(39,'MBA.Tech',2,'','','MAD(P.R)','MAD(P.R)','','','',''),(40,'MBA.Tech',2,'','','','','','','',''),(41,'MBA.Tech',3,'IP(P.R)','IP(P.R)','','','PM','','',''),(42,'MBA.Tech',3,'MC(P.R)','MC(P.R)','','','','','',''),(43,'MBA.Tech',3,'','','','','','','',''),(44,'B.Tech',4,'','','','','','','',''),(45,'B.Tech',4,'','','','','','','',''),(46,'B.Tech',4,'','','','','','','','');

/*Table structure for table `seminar` */

DROP TABLE IF EXISTS `seminar`;

CREATE TABLE `seminar` (
  `grpno` varchar(10) NOT NULL,
  `stream` varchar(50) NOT NULL,
  `year` int(11) NOT NULL,
  `student1` varchar(50) NOT NULL,
  `student2` varchar(50) NOT NULL,
  `student3` varchar(50) NOT NULL,
  `student4` varchar(50) NOT NULL,
  `title` varchar(50) NOT NULL,
  `faculty` varchar(50) NOT NULL
) ENGINE=InnoDB DEFAULT CHARSET=latin1;

/*Data for the table `seminar` */

insert  into `seminar`(`grpno`,`stream`,`year`,`student1`,`student2`,`student3`,`student4`,`title`,`faculty`) values ('G11','B.Tech',4,'Dishant Gala','Vaibhavi Pujara','Ankita Rustagi','Mansi Narang','DRM','Dr N.S.Choubey'),('G5','B.Tech',4,'Harpreet Khanuja','Roman Shaikh','Vaishnavi Kumar','','Emergency Medical Service ','Nihit Agrawal'),('G2','B.Tech',4,'Aditya Deshpande','Vishakha Sharma','Sanjay Singh','Chandrashekhar Nagle','MANET','Mayank Sohani'),('G7','B.Tech',4,'Anand Chauhan','Swati Ahuja','Krati Chaturvedi','Deepak Dhoot','Android','Prashant Mishra'),('G1','B.Tech',4,'Abhishek Raj','Priyam Maheshwari','Mohit Yadav','','Apriori Algorithm','Sachin Chavan');

/*Table structure for table `staff` */

DROP TABLE IF EXISTS `staff`;

CREATE TABLE `staff` (
  `fid` varchar(5) NOT NULL,
  `firstname` varchar(30) NOT NULL,
  `password` varchar(30) NOT NULL,
  `phoneno` varchar(10) NOT NULL,
  `emailid` varchar(30) NOT NULL,
  `designation` varchar(30) NOT NULL,
  `qualification` varchar(30) NOT NULL,
  `aoe` varchar(30) NOT NULL,
  `status` int(11) NOT NULL,
  PRIMARY KEY (`fid`)
) ENGINE=InnoDB DEFAULT CHARSET=latin1;

/*Data for the table `staff` */

insert  into `staff`(`fid`,`firstname`,`password`,`phoneno`,`emailid`,`designation`,`qualification`,`aoe`,`status`) values ('111','Ankita','789456','','','cr','','',0),('C001','Dr N.S.Choubey','12345','9825013468','ns@gmail.com','admin','masters','tcs',0),('C002','Nihit Agrawal','55555','9825416478','na@gmail.com','faculty','masters','ss',0),('C003','Amit Kelotra','12345','9879879879','ak@yahoo.in','faculty','masters','se',0),('C004','Rohit Pachlor','00000','4563214586','rp@gmail.com','faculty','masters','sp',0),('C005','Prashant Mishra','33333','9865712345','pm@gmail.com','faculty','masters','gis',0),('C006','Sachin Chavan','67890','9852146795','sc@gmail.com','faculty','masters','abc',0),('C007','Bhushan Inje','55555','6985435648','bi@gmail.com','faculty','masters','adc',0),('C008','Varsha Nemade','23456','7896542365','vn@gmail.com','faculty','masters','adbms',0),('C009','Mayank Sohani','44444','4568783652','ms@gmail.com','faculty','masters','icc',0),('C010','Upendra Verma','88888','9865742453','uv@gmail.com','faculty','masters','mc',0),('C011','Suraj Patil','98765','6532412546','sp@gmail.com','faculty','masters','fwt',0),('C012','Dr M.V.Deshpande','77777','9865712345','mv@gmail.com','faculty','masters','mms',0),('C013','Vivek Sharma','99999','9865475642','vs@gmail.com','faculty','masters','maths',0),('C014','Sonali Borse','99999','9865745869','sb@gmail.com','faculty','masters','OOSE',0);

/*Table structure for table `studentname` */

DROP TABLE IF EXISTS `studentname`;

CREATE TABLE `studentname` (
  `srno` int(11) NOT NULL AUTO_INCREMENT,
  `stream` varchar(50) NOT NULL,
  `year` int(11) NOT NULL,
  `Roll` varchar(50) NOT NULL,
  `SAP` text NOT NULL,
  `Name` varchar(50) NOT NULL,
  PRIMARY KEY (`srno`)
) ENGINE=InnoDB AUTO_INCREMENT=1073 DEFAULT CHARSET=latin1;

/*Data for the table `studentname` */

insert  into `studentname`(`srno`,`stream`,`year`,`Roll`,`SAP`,`Name`) values (853,'B.Tech',4,'301','71202100001','AAKASH CHANDRA ASHOK CHATTERJEE'),(854,'B.Tech',4,'302','71202100002','ABHISHEK RAJESHKUMAR RAJ'),(855,'B.Tech',4,'305','71202100004','ANAND SANJAY KUMAR CHAUHAN'),(856,'B.Tech',4,'306','71202099001','ANGEERA MANOJ KUMAR PRANAV'),(857,'B.Tech',4,'307','71202100005','ANKITA MUKESH KUMAR RUSTAGI'),(858,'B.Tech',4,'308','71202100006','ARUN JAGDISH PANWAR'),(859,'B.Tech',4,'309','71202100007','ARUSHI RAJEEV AGARWAL'),(860,'B.Tech',4,'310','71202100008','DEEPAK BAL KRISHAN DHOOT'),(861,'B.Tech',4,'311','71202100010','DISHANT BHARAT GALA'),(862,'B.Tech',4,'313','71202100011','HARPREET MAHENDRASINGH KHANUJA'),(863,'B.Tech',4,'314','71202100013','KANGAN SANJAY DUREJA'),(864,'B.Tech',4,'315','71202100014','VIKAS KAMLESH KASLIWAL'),(865,'B.Tech',4,'316','71202100015','KRATI AVINASHKUMAR CHATURVEDI'),(866,'B.Tech',4,'317','71202100016','MANSI HARCHARAN NARANG'),(867,'B.Tech',4,'318','71202100017','MERU DEEPAK BHATNAGAR'),(868,'B.Tech',4,'320','71202100019','NISHIT SANDEEP SONI'),(869,'B.Tech',4,'321','71202100020','PIYUSH NARESH BHANDARI'),(870,'B.Tech',4,'322','71202100021','PRASHASYA ATUL KUMAR CHOUDHARY'),(871,'B.Tech',4,'323','71202100023','PRIYAM RAJIV KUMAR MAHESHWARI'),(872,'B.Tech',4,'324','71202100025','PUNIT L D MALIK'),(873,'B.Tech',4,'325','71202100026','RAHUL OMPRAKASH MANDLIYA'),(874,'B.Tech',4,'326','71202100027','RAJAN KACHARULAL SHARMA'),(875,'B.Tech',4,'327','71202100028','ROMAN ABDUL SAMAD SHAIKH'),(876,'B.Tech',4,'328','71202100029','SHREYA SURENDRA KUMAR SRIVASTAVA'),(877,'B.Tech',4,'329','71202100030','SIDDHANT MANOJ KUMAR JAIN'),(878,'B.Tech',4,'331','71202100032','SPARSH DILIP PATHAK'),(879,'B.Tech',4,'332','71202100033','SUMIT BIBEKANAND NAYAK'),(880,'B.Tech',4,'333','71202100034','SWATI RAMESH AHUJA'),(881,'B.Tech',4,'334','71202099002','TANMAY RAKESH SHARMA'),(882,'B.Tech',4,'335','71202099003','TARUN RAJENDRA MAHAJAN'),(883,'B.Tech',4,'336','71202099004','TUSHAR RAJEEV MITTAL'),(884,'B.Tech',4,'337','71202100035','VAIBHAVI ATUL PUJARA'),(885,'B.Tech',4,'338','71202100036','VAISHNAVI K. RAVI KUMAR .'),(886,'B.Tech',4,'340','71202099005','MOHIT SHYAMSUNDER YADAV'),(887,'B.Tech',4,'341','71202118001','CHANDRASHEKHAR NARAYAN NAGLE'),(888,'B.Tech',4,'342','71202118002','ADITYA MANOJ DESHPANDE'),(889,'B.Tech',4,'343','71202118003','DHARESH LALIT VYAS'),(890,'B.Tech',4,'344','71202118004','SANJAY KUMAR ARUN SINGH'),(891,'B.Tech',4,'346','71202118006','BALJITSING KUNDANSINGH CHAUDHARI'),(892,'B.Tech',4,'347','71202118007','ANIKET KETAN SURANI'),(893,'B.Tech',4,'350','71202098066','BHAVIK MANOJKUMAR SHAH'),(894,'B.Tech',4,'351','71201100004','NIKITA ASHOK LONDHE'),(895,'B.Tech',4,'352','71201099001','UTTAM KAMAL MISHRA'),(896,'B.Tech',4,'353','71201100005','VISHAKHA BINOD KUMAR SHARMA'),(897,'B.Tech',4,'301','71202100001','AAKASH CHANDRA ASHOK CHATTERJEE'),(898,'B.Tech',4,'302','71202100002','ABHISHEK RAJESHKUMAR RAJ'),(899,'B.Tech',4,'305','71202100004','ANAND SANJAY KUMAR CHAUHAN'),(900,'B.Tech',4,'306','71202099001','ANGEERA MANOJ KUMAR PRANAV'),(901,'B.Tech',4,'307','71202100005','ANKITA MUKESH KUMAR RUSTAGI'),(902,'B.Tech',4,'308','71202100006','ARUN JAGDISH PANWAR'),(903,'B.Tech',4,'309','71202100007','ARUSHI RAJEEV AGARWAL'),(904,'B.Tech',4,'310','71202100008','DEEPAK BAL KRISHAN DHOOT'),(905,'B.Tech',4,'311','71202100010','DISHANT BHARAT GALA'),(906,'B.Tech',4,'313','71202100011','HARPREET MAHENDRASINGH KHANUJA'),(907,'B.Tech',4,'314','71202100013','KANGAN SANJAY DUREJA'),(908,'B.Tech',4,'315','71202100014','VIKAS KAMLESH KASLIWAL'),(909,'B.Tech',4,'316','71202100015','KRATI AVINASHKUMAR CHATURVEDI'),(910,'B.Tech',4,'317','71202100016','MANSI HARCHARAN NARANG'),(911,'B.Tech',4,'318','71202100017','MERU DEEPAK BHATNAGAR'),(912,'B.Tech',4,'320','71202100019','NISHIT SANDEEP SONI'),(913,'B.Tech',4,'321','71202100020','PIYUSH NARESH BHANDARI'),(914,'B.Tech',4,'322','71202100021','PRASHASYA ATUL KUMAR CHOUDHARY'),(915,'B.Tech',4,'323','71202100023','PRIYAM RAJIV KUMAR MAHESHWARI'),(916,'B.Tech',4,'324','71202100025','PUNIT L D MALIK'),(917,'B.Tech',4,'325','71202100026','RAHUL OMPRAKASH MANDLIYA'),(918,'B.Tech',4,'326','71202100027','RAJAN KACHARULAL SHARMA'),(919,'B.Tech',4,'327','71202100028','ROMAN ABDUL SAMAD SHAIKH'),(920,'B.Tech',4,'328','71202100029','SHREYA SURENDRA KUMAR SRIVASTAVA'),(921,'B.Tech',4,'329','71202100030','SIDDHANT MANOJ KUMAR JAIN'),(922,'B.Tech',4,'331','71202100032','SPARSH DILIP PATHAK'),(923,'B.Tech',4,'332','71202100033','SUMIT BIBEKANAND NAYAK'),(924,'B.Tech',4,'333','71202100034','SWATI RAMESH AHUJA'),(925,'B.Tech',4,'334','71202099002','TANMAY RAKESH SHARMA'),(926,'B.Tech',4,'335','71202099003','TARUN RAJENDRA MAHAJAN'),(927,'B.Tech',4,'336','71202099004','TUSHAR RAJEEV MITTAL'),(928,'B.Tech',4,'337','71202100035','VAIBHAVI ATUL PUJARA'),(929,'B.Tech',4,'338','71202100036','VAISHNAVI K. RAVI KUMAR .'),(930,'B.Tech',4,'340','71202099005','MOHIT SHYAMSUNDER YADAV'),(931,'B.Tech',4,'341','71202118001','CHANDRASHEKHAR NARAYAN NAGLE'),(932,'B.Tech',4,'342','71202118002','ADITYA MANOJ DESHPANDE'),(933,'B.Tech',4,'343','71202118003','DHARESH LALIT VYAS'),(934,'B.Tech',4,'344','71202118004','SANJAY KUMAR ARUN SINGH'),(935,'B.Tech',4,'346','71202118006','BALJITSING KUNDANSINGH CHAUDHARI'),(936,'B.Tech',4,'347','71202118007','ANIKET KETAN SURANI'),(937,'B.Tech',4,'350','71202098066','BHAVIK MANOJKUMAR SHAH'),(938,'B.Tech',4,'351','71201100004','NIKITA ASHOK LONDHE'),(939,'B.Tech',4,'352','71201099001','UTTAM KAMAL MISHRA'),(940,'B.Tech',4,'353','71201100005','VISHAKHA BINOD KUMAR SHARMA'),(941,'B.Tech',4,'301','71202100001','AAKASH CHANDRA ASHOK CHATTERJEE'),(942,'B.Tech',4,'302','71202100002','ABHISHEK RAJESHKUMAR RAJ'),(943,'B.Tech',4,'305','71202100004','ANAND SANJAY KUMAR CHAUHAN'),(944,'B.Tech',4,'306','71202099001','ANGEERA MANOJ KUMAR PRANAV'),(945,'B.Tech',4,'307','71202100005','ANKITA MUKESH KUMAR RUSTAGI'),(946,'B.Tech',4,'308','71202100006','ARUN JAGDISH PANWAR'),(947,'B.Tech',4,'309','71202100007','ARUSHI RAJEEV AGARWAL'),(948,'B.Tech',4,'310','71202100008','DEEPAK BAL KRISHAN DHOOT'),(949,'B.Tech',4,'311','71202100010','DISHANT BHARAT GALA'),(950,'B.Tech',4,'313','71202100011','HARPREET MAHENDRASINGH KHANUJA'),(951,'B.Tech',4,'314','71202100013','KANGAN SANJAY DUREJA'),(952,'B.Tech',4,'315','71202100014','VIKAS KAMLESH KASLIWAL'),(953,'B.Tech',4,'316','71202100015','KRATI AVINASHKUMAR CHATURVEDI'),(954,'B.Tech',4,'317','71202100016','MANSI HARCHARAN NARANG'),(955,'B.Tech',4,'318','71202100017','MERU DEEPAK BHATNAGAR'),(956,'B.Tech',4,'320','71202100019','NISHIT SANDEEP SONI'),(957,'B.Tech',4,'321','71202100020','PIYUSH NARESH BHANDARI'),(958,'B.Tech',4,'322','71202100021','PRASHASYA ATUL KUMAR CHOUDHARY'),(959,'B.Tech',4,'323','71202100023','PRIYAM RAJIV KUMAR MAHESHWARI'),(960,'B.Tech',4,'324','71202100025','PUNIT L D MALIK'),(961,'B.Tech',4,'325','71202100026','RAHUL OMPRAKASH MANDLIYA'),(962,'B.Tech',4,'326','71202100027','RAJAN KACHARULAL SHARMA'),(963,'B.Tech',4,'327','71202100028','ROMAN ABDUL SAMAD SHAIKH'),(964,'B.Tech',4,'328','71202100029','SHREYA SURENDRA KUMAR SRIVASTAVA'),(965,'B.Tech',4,'329','71202100030','SIDDHANT MANOJ KUMAR JAIN'),(966,'B.Tech',4,'331','71202100032','SPARSH DILIP PATHAK'),(967,'B.Tech',4,'332','71202100033','SUMIT BIBEKANAND NAYAK'),(968,'B.Tech',4,'333','71202100034','SWATI RAMESH AHUJA'),(969,'B.Tech',4,'334','71202099002','TANMAY RAKESH SHARMA'),(970,'B.Tech',4,'335','71202099003','TARUN RAJENDRA MAHAJAN'),(971,'B.Tech',4,'336','71202099004','TUSHAR RAJEEV MITTAL'),(972,'B.Tech',4,'337','71202100035','VAIBHAVI ATUL PUJARA'),(973,'B.Tech',4,'338','71202100036','VAISHNAVI K. RAVI KUMAR .'),(974,'B.Tech',4,'340','71202099005','MOHIT SHYAMSUNDER YADAV'),(975,'B.Tech',4,'341','71202118001','CHANDRASHEKHAR NARAYAN NAGLE'),(976,'B.Tech',4,'342','71202118002','ADITYA MANOJ DESHPANDE'),(977,'B.Tech',4,'343','71202118003','DHARESH LALIT VYAS'),(978,'B.Tech',4,'344','71202118004','SANJAY KUMAR ARUN SINGH'),(979,'B.Tech',4,'346','71202118006','BALJITSING KUNDANSINGH CHAUDHARI'),(980,'B.Tech',4,'347','71202118007','ANIKET KETAN SURANI'),(981,'B.Tech',4,'350','71202098066','BHAVIK MANOJKUMAR SHAH'),(982,'B.Tech',4,'351','71201100004','NIKITA ASHOK LONDHE'),(983,'B.Tech',4,'352','71201099001','UTTAM KAMAL MISHRA'),(984,'B.Tech',4,'353','71201100005','VISHAKHA BINOD KUMAR SHARMA'),(985,'B.Tech',4,'301','71202100001','AAKASH CHANDRA ASHOK CHATTERJEE'),(986,'B.Tech',4,'302','71202100002','ABHISHEK RAJESHKUMAR RAJ'),(987,'B.Tech',4,'305','71202100004','ANAND SANJAY KUMAR CHAUHAN'),(988,'B.Tech',4,'306','71202099001','ANGEERA MANOJ KUMAR PRANAV'),(989,'B.Tech',4,'307','71202100005','ANKITA MUKESH KUMAR RUSTAGI'),(990,'B.Tech',4,'308','71202100006','ARUN JAGDISH PANWAR'),(991,'B.Tech',4,'309','71202100007','ARUSHI RAJEEV AGARWAL'),(992,'B.Tech',4,'310','71202100008','DEEPAK BAL KRISHAN DHOOT'),(993,'B.Tech',4,'311','71202100010','DISHANT BHARAT GALA'),(994,'B.Tech',4,'313','71202100011','HARPREET MAHENDRASINGH KHANUJA'),(995,'B.Tech',4,'314','71202100013','KANGAN SANJAY DUREJA'),(996,'B.Tech',4,'315','71202100014','VIKAS KAMLESH KASLIWAL'),(997,'B.Tech',4,'316','71202100015','KRATI AVINASHKUMAR CHATURVEDI'),(998,'B.Tech',4,'317','71202100016','MANSI HARCHARAN NARANG'),(999,'B.Tech',4,'318','71202100017','MERU DEEPAK BHATNAGAR'),(1000,'B.Tech',4,'320','71202100019','NISHIT SANDEEP SONI'),(1001,'B.Tech',4,'321','71202100020','PIYUSH NARESH BHANDARI'),(1002,'B.Tech',4,'322','71202100021','PRASHASYA ATUL KUMAR CHOUDHARY'),(1003,'B.Tech',4,'323','71202100023','PRIYAM RAJIV KUMAR MAHESHWARI'),(1004,'B.Tech',4,'324','71202100025','PUNIT L D MALIK'),(1005,'B.Tech',4,'325','71202100026','RAHUL OMPRAKASH MANDLIYA'),(1006,'B.Tech',4,'326','71202100027','RAJAN KACHARULAL SHARMA'),(1007,'B.Tech',4,'327','71202100028','ROMAN ABDUL SAMAD SHAIKH'),(1008,'B.Tech',4,'328','71202100029','SHREYA SURENDRA KUMAR SRIVASTAVA'),(1009,'B.Tech',4,'329','71202100030','SIDDHANT MANOJ KUMAR JAIN'),(1010,'B.Tech',4,'331','71202100032','SPARSH DILIP PATHAK'),(1011,'B.Tech',4,'332','71202100033','SUMIT BIBEKANAND NAYAK'),(1012,'B.Tech',4,'333','71202100034','SWATI RAMESH AHUJA'),(1013,'B.Tech',4,'334','71202099002','TANMAY RAKESH SHARMA'),(1014,'B.Tech',4,'335','71202099003','TARUN RAJENDRA MAHAJAN'),(1015,'B.Tech',4,'336','71202099004','TUSHAR RAJEEV MITTAL'),(1016,'B.Tech',4,'337','71202100035','VAIBHAVI ATUL PUJARA'),(1017,'B.Tech',4,'338','71202100036','VAISHNAVI K. RAVI KUMAR .'),(1018,'B.Tech',4,'340','71202099005','MOHIT SHYAMSUNDER YADAV'),(1019,'B.Tech',4,'341','71202118001','CHANDRASHEKHAR NARAYAN NAGLE'),(1020,'B.Tech',4,'342','71202118002','ADITYA MANOJ DESHPANDE'),(1021,'B.Tech',4,'343','71202118003','DHARESH LALIT VYAS'),(1022,'B.Tech',4,'344','71202118004','SANJAY KUMAR ARUN SINGH'),(1023,'B.Tech',4,'346','71202118006','BALJITSING KUNDANSINGH CHAUDHARI'),(1024,'B.Tech',4,'347','71202118007','ANIKET KETAN SURANI'),(1025,'B.Tech',4,'350','71202098066','BHAVIK MANOJKUMAR SHAH'),(1026,'B.Tech',4,'351','71201100004','NIKITA ASHOK LONDHE'),(1027,'B.Tech',4,'352','71201099001','UTTAM KAMAL MISHRA'),(1028,'B.Tech',4,'353','71201100005','VISHAKHA BINOD KUMAR SHARMA'),(1029,'B.Tech',4,'301','71202100001','AAKASH CHANDRA ASHOK CHATTERJEE'),(1030,'B.Tech',4,'302','71202100002','ABHISHEK RAJESHKUMAR RAJ'),(1031,'B.Tech',4,'305','71202100004','ANAND SANJAY KUMAR CHAUHAN'),(1032,'B.Tech',4,'306','71202099001','ANGEERA MANOJ KUMAR PRANAV'),(1033,'B.Tech',4,'307','71202100005','ANKITA MUKESH KUMAR RUSTAGI'),(1034,'B.Tech',4,'308','71202100006','ARUN JAGDISH PANWAR'),(1035,'B.Tech',4,'309','71202100007','ARUSHI RAJEEV AGARWAL'),(1036,'B.Tech',4,'310','71202100008','DEEPAK BAL KRISHAN DHOOT'),(1037,'B.Tech',4,'311','71202100010','DISHANT BHARAT GALA'),(1038,'B.Tech',4,'313','71202100011','HARPREET MAHENDRASINGH KHANUJA'),(1039,'B.Tech',4,'314','71202100013','KANGAN SANJAY DUREJA'),(1040,'B.Tech',4,'315','71202100014','VIKAS KAMLESH KASLIWAL'),(1041,'B.Tech',4,'316','71202100015','KRATI AVINASHKUMAR CHATURVEDI'),(1042,'B.Tech',4,'317','71202100016','MANSI HARCHARAN NARANG'),(1043,'B.Tech',4,'318','71202100017','MERU DEEPAK BHATNAGAR'),(1044,'B.Tech',4,'320','71202100019','NISHIT SANDEEP SONI'),(1045,'B.Tech',4,'321','71202100020','PIYUSH NARESH BHANDARI'),(1046,'B.Tech',4,'322','71202100021','PRASHASYA ATUL KUMAR CHOUDHARY'),(1047,'B.Tech',4,'323','71202100023','PRIYAM RAJIV KUMAR MAHESHWARI'),(1048,'B.Tech',4,'324','71202100025','PUNIT L D MALIK'),(1049,'B.Tech',4,'325','71202100026','RAHUL OMPRAKASH MANDLIYA'),(1050,'B.Tech',4,'326','71202100027','RAJAN KACHARULAL SHARMA'),(1051,'B.Tech',4,'327','71202100028','ROMAN ABDUL SAMAD SHAIKH'),(1052,'B.Tech',4,'328','71202100029','SHREYA SURENDRA KUMAR SRIVASTAVA'),(1053,'B.Tech',4,'329','71202100030','SIDDHANT MANOJ KUMAR JAIN'),(1054,'B.Tech',4,'331','71202100032','SPARSH DILIP PATHAK'),(1055,'B.Tech',4,'332','71202100033','SUMIT BIBEKANAND NAYAK'),(1056,'B.Tech',4,'333','71202100034','SWATI RAMESH AHUJA'),(1057,'B.Tech',4,'334','71202099002','TANMAY RAKESH SHARMA'),(1058,'B.Tech',4,'335','71202099003','TARUN RAJENDRA MAHAJAN'),(1059,'B.Tech',4,'336','71202099004','TUSHAR RAJEEV MITTAL'),(1060,'B.Tech',4,'337','71202100035','VAIBHAVI ATUL PUJARA'),(1061,'B.Tech',4,'338','71202100036','VAISHNAVI K. RAVI KUMAR .'),(1062,'B.Tech',4,'340','71202099005','MOHIT SHYAMSUNDER YADAV'),(1063,'B.Tech',4,'341','71202118001','CHANDRASHEKHAR NARAYAN NAGLE'),(1064,'B.Tech',4,'342','71202118002','ADITYA MANOJ DESHPANDE'),(1065,'B.Tech',4,'343','71202118003','DHARESH LALIT VYAS'),(1066,'B.Tech',4,'344','71202118004','SANJAY KUMAR ARUN SINGH'),(1067,'B.Tech',4,'346','71202118006','BALJITSING KUNDANSINGH CHAUDHARI'),(1068,'B.Tech',4,'347','71202118007','ANIKET KETAN SURANI'),(1069,'B.Tech',4,'350','71202098066','BHAVIK MANOJKUMAR SHAH'),(1070,'B.Tech',4,'351','71201100004','NIKITA ASHOK LONDHE'),(1071,'B.Tech',4,'352','71201099001','UTTAM KAMAL MISHRA'),(1072,'B.Tech',4,'353','71201100005','VISHAKHA BINOD KUMAR SHARMA');

/*Table structure for table `subject` */

DROP TABLE IF EXISTS `subject`;

CREATE TABLE `subject` (
  `fid` varchar(5) NOT NULL,
  `stream` varchar(100) NOT NULL,
  `year` int(11) NOT NULL,
  `sub_code` varchar(10) NOT NULL,
  `subname` varchar(50) NOT NULL,
  `facname` varchar(50) NOT NULL,
  `fullname` varchar(100) NOT NULL
) ENGINE=InnoDB DEFAULT CHARSET=latin1;

/*Data for the table `subject` */

insert  into `subject`(`fid`,`stream`,`year`,`sub_code`,`subname`,`facname`,`fullname`) values ('C012','B.Tech',4,'S21','MMS','(M.V.D)','Dr M.V.Deshpande'),('C003','B.Tech',4,'S22','MC','(A.K)','Amit Kelotra'),('C009','B.Tech',4,'S23','ICC','(M.S)','Mayank Sohani'),('C006','B.Tech',4,'S24','DC','(S.C)','Sachin Chavan'),('C005','B.Tech',4,'S25','GIS','(P.M)','Prashant Mishra'),('','B.Tech',4,'S26','Project','-','-'),('C012','B.Tech',4,'S21','MMS(P.R)','(M.V.D)','Dr M.V.Deshpande'),('C003','B.Tech',4,'S22','MC(P.R)','(A.K)','Amit Kelotra'),('C009','B.Tech',4,'S23','ICC(P.R)','(M.S)','Mayank Sohani'),('C006','B.Tech',4,'S24','DC(P.R)','(S.C)','Sachin Chavan'),('C005','B.Tech',4,'S25','GIS(P.R)','(P.M)','Prashant Mishra'),('C001','B.Tech',2,'S1','SP','(N.S.C)','Dr N.S.Choubey'),('C009','B.Tech',2,'S2','OS','(M.S)','Mayank Sohani'),('C006','B.Tech',2,'S3','ADC','(S.C)','Sachin Chavan'),('C005','B.Tech',2,'S4','CN','(P.M)','Prashant Mishra'),('C004','B.Tech',2,'S5','COA','(R.P)','Rohit Pachlor'),('C008','B.Tech',2,'S6','IT(P.R)','(V.N)','Varsha Nemade'),('','B.Tech',2,'S7','EM','(V.S)','Vivek Sharma'),('','B.Tech',2,'S8','ES','(S.K)','S.K.Nimborkar'),('','B.Tech',2,'S9','COI','(A.A)','Anand Agrawal'),('C003','B.Tech',2,'S1','SP','(A.K)','Amit Kelotra'),('C003','B.Tech',2,'S1','SP(P.R)','(A.K)','Amit Kelotra'),('C009','B.Tech',2,'S2','OS(P.R)','(M.S)','Mayank Sohani'),('C006','B.Tech',2,'S3','ADC(P.R)','(S.C)','Sachin Chavan'),('C005','B.Tech',2,'S4','CN(P.R)','(P.M)','Prashant Mishra'),('','B.Tech',2,'S7','EM(P.R)','(V.S)','Vivek Sharma'),('C001','B.Tech',3,'S11','OR','(N.S.C)','Dr N.S.Choubey'),('C001','B.Tech',3,'S11','OR(P.R)','(N.S.C)','Dr N.S.Choubey'),('C008','B.Tech',3,'S12','ADBMS','(V.N)','Varsha Nemade'),('C008','B.Tech',3,'S12','ADBMS(P.R)','(V.N)','Varsha Nemade'),('C002','B.Tech',3,'S13','ISM','(N.A)','Nihit Agrawal'),('C002','B.Tech',3,'S13','ISM(P.R)','(N.A)','Nihit Agrawal'),('C010','B.Tech',3,'S14','OOSE','(U.V)','Upendra Verma'),('C010','B.Tech',3,'S14','OOSE(P.R)','(U.V)','Upendra Verma'),('C011','B.Tech',3,'S15','FWT','(S.P)','Suraj Patil'),('C011','B.Tech',3,'S15','FWT(P.R)','(S.P)','Suraj Patil'),('C002','B.Tech',3,'S16','MAD','(N.A)','Nihit Agrawal'),('C002','B.Tech',3,'S16','MAD(P.R)','(N.A)','Nihit Agrawal'),('C001','B.Tech',3,'S17','IP','(N.S.C)','Dr N.S.Choubey'),('','B.Tech',3,'S17','IP','(T.A)','Teaching Assistant'),('','B.Tech',3,'S17','IP(P.R)','(T.A)','Teaching Assistant'),('C001','B.Tech',3,'S18','PW(P.R)','(N.S.C)','Dr N.S.Choubey'),('C004','B.Tech',3,'S18','PW(P.R)','(R.P)','Rohit Pachlor'),('','B.Tech',3,'S19','IEM','(S.D)','Sajal Das'),('','B.Tech',3,'S20','COI','(A.A)','Anand Agrawal'),('C006','MBA.Tech',2,'S31','NT','(S.C)','Sachin Chavan'),('C006','MBA.Tech',2,'S31','NT(P.R)','(S.C)','Sachin Chavan'),('C004','MBA.Tech',2,'S31','NT(P.R)','(R.P)','Rohit Pachlor'),('C007','MBA.Tech',2,'S33','MP','(B.I)','Bhushan Inje'),('C007','MBA.Tech',2,'S33','MP(P.R)','(B.I)','Bhushan Inje'),('C009','MBA.Tech',2,'S32','OS','(M.S)','Mayank Sohani'),('C002','MBA.Tech',2,'S32','OS','(N.A)','Nihit Agrawal'),('C002','MBA.Tech',2,'S32','OS(P.R)','(N.A)','Nihit Agrawal'),('C008','MBA.Tech',2,'S34','CN','(V.N)','Varsha Nemade'),('C008','MBA.Tech',2,'S34','CN(P.R)','(V.N)','Varsha Nemade'),('C007','MBA.Tech',2,'S35','ADC','(B.I)','Bhushan Inje'),('C007','MBA.Tech',2,'S35','ADC(P.R)','(B.I)','Bhushan Inje'),('C006','MBA.Tech',2,'S35','ADC','(S.C)','Sachin Chavan'),('C006','MBA.Tech',2,'S35','ADC(P.R)','(S.C)','Sachin Chavan'),('','MBA.Tech',2,'S36','PPM','(R.A)','Rajendra Agrawal'),('','MBA.Tech',2,'S37','SM','(V.S.P)','V.S.Patil'),('C010','MBA.Tech',3,'S41','SS','(U.V)','Upendra Verma'),('C010','MBA.Tech',3,'S41','SS(P.R)','(U.V)','Upendra Verma'),('C001','MBA.Tech',3,'S42','IP','(N.S.C)','Dr N.S.Choubey'),('','MBA.Tech',3,'S42','IP','(T.A)','Teaching Assistant'),('','MBA.Tech',3,'S42','IP(P.R)','(T.A)','Teaching Assistant'),('C004','MBA.Tech',3,'S43','MC','(R.P)','Rohit Pachlor'),('C004','MBA.Tech',3,'S43','MC(P.R)','(R.P)','Rohit Pachlor'),('C007','MBA.Tech',3,'S44','MCEP','(B.I)','Bhushan Inje'),('C007','MBA.Tech',3,'S44','MCEP(P.R)','(B.I)','Bhushan Inje'),('','MBA.Tech',3,'S45','FA','(S.D)','Sajal Das'),('','MBA.Tech',3,'S46','PM','(R.A)','Rajendra Agrawal'),('','MBA.Tech',3,'S47','ISM','(T.G)','Tukaram gawali'),('','MBA.Tech',3,'S48','SHEMS','(M.M)','Manisha More'),('','------Select one------',0,'','','',''),('C001','B.Tech',2,'S19','SP','(N.S.C)','Dr N.S.Choubey'),('C007','B.Tech',2,'S19','SP','(B.I)','Bhushan Inje');

/*Table structure for table `swap` */

DROP TABLE IF EXISTS `swap`;

CREATE TABLE `swap` (
  `date` date NOT NULL,
  `time` varchar(10) NOT NULL,
  `stream` varchar(50) NOT NULL,
  `year` int(11) NOT NULL,
  `facpng` varchar(50) NOT NULL,
  `lecpng` varchar(50) NOT NULL,
  `facped` varchar(50) NOT NULL,
  `lecped` varchar(50) NOT NULL,
  `status` varchar(30) NOT NULL
) ENGINE=InnoDB DEFAULT CHARSET=latin1;

/*Data for the table `swap` */

insert  into `swap`(`date`,`time`,`stream`,`year`,`facpng`,`lecpng`,`facped`,`lecped`,`status`) values ('2014-04-28','nine','B.Tech',4,'Sachin Chavan','ADC(P.R)','Amit Kelotra','MC','request accepted'),('2014-04-28','nine','B.Tech',4,'Sachin Chavan','ADC(P.R)','Amit Kelotra','MC','request accepted');

/*Table structure for table `thursday` */

DROP TABLE IF EXISTS `thursday`;

CREATE TABLE `thursday` (
  `srno` int(11) NOT NULL AUTO_INCREMENT,
  `stream` varchar(50) NOT NULL,
  `year` int(11) NOT NULL,
  `nine` varchar(50) NOT NULL,
  `ten` varchar(50) NOT NULL,
  `eleven` varchar(50) NOT NULL,
  `twelve` varchar(50) NOT NULL,
  `one` varchar(50) NOT NULL,
  `two` varchar(50) NOT NULL,
  `three` varchar(50) NOT NULL,
  `four` varchar(50) NOT NULL,
  PRIMARY KEY (`srno`)
) ENGINE=InnoDB AUTO_INCREMENT=47 DEFAULT CHARSET=latin1;

/*Data for the table `thursday` */

insert  into `thursday`(`srno`,`stream`,`year`,`nine`,`ten`,`eleven`,`twelve`,`one`,`two`,`three`,`four`) values (29,'B.Tech',4,'MMS','GIS','MC(P.R)','MC(P.R)','','Project','Project',''),(30,'B.Tech',4,'','','DC(P.R)','DC(P.R)','','','',''),(31,'B.Tech',4,'','','','','','','',''),(32,'B.Tech',2,'SP','SP','','','OS','EM(P.R)','EM(P.R)','EM'),(33,'B.Tech',2,'IT(P.R)','IT(P.R)','','','','','',''),(34,'B.Tech',2,'OS','OS','','','','','',''),(35,'B.Tech',3,'FWT','IP','OOSE','','ISM(P.R)','ISM(P.R)','',''),(36,'B.Tech',3,'','','','','OR(P.R)','OR(P.R)','',''),(37,'B.Tech',3,'','','','','ADBMS(P.R)','ADBMS(P.R)','',''),(38,'MBA.Tech',2,'OS(P.R)','OS(P.R)','PPM','MP','','NT','',''),(39,'MBA.Tech',2,'ADC(P.R)','ADC(P.R)','','','','','',''),(40,'MBA.Tech',2,'','','','','','','',''),(41,'MBA.Tech',3,'IP','MC','MCEP','','ISM','FA','',''),(42,'MBA.Tech',3,'','','','','','','',''),(43,'MBA.Tech',3,'','','','','','','',''),(44,'B.Tech',4,'','','','','','','',''),(45,'B.Tech',4,'','','','','','','',''),(46,'B.Tech',4,'','','','','','','','');

/*Table structure for table `tuesday` */

DROP TABLE IF EXISTS `tuesday`;

CREATE TABLE `tuesday` (
  `srno` int(11) NOT NULL AUTO_INCREMENT,
  `stream` varchar(50) NOT NULL,
  `year` int(11) NOT NULL,
  `nine` varchar(50) NOT NULL,
  `ten` varchar(50) NOT NULL,
  `eleven` varchar(50) NOT NULL,
  `twelve` varchar(50) NOT NULL,
  `one` varchar(50) NOT NULL,
  `two` varchar(50) NOT NULL,
  `three` varchar(50) NOT NULL,
  `four` varchar(50) NOT NULL,
  PRIMARY KEY (`srno`)
) ENGINE=InnoDB AUTO_INCREMENT=47 DEFAULT CHARSET=latin1;

/*Data for the table `tuesday` */

insert  into `tuesday`(`srno`,`stream`,`year`,`nine`,`ten`,`eleven`,`twelve`,`one`,`two`,`three`,`four`) values (29,'B.Tech',4,'GIS','ICC','MMS(P.R)','','','Project','Project',''),(30,'B.Tech',4,'','','MC(P.R)','','','','',''),(31,'B.Tech',4,'','','','','','','',''),(32,'B.Tech',2,'IT(P.R)','IT(P.R)','SP','','OS','ADC','EM',''),(33,'B.Tech',2,'ADC','ADC','','','','','',''),(34,'B.Tech',2,'SP','SP','','','','','',''),(35,'B.Tech',3,'IEM','FWT','OOSE','','MAD(P.R)','MAD(P.R)','','COI'),(36,'B.Tech',3,'','','','','FWT(P.R)','FWT(P.R)','',''),(37,'B.Tech',3,'','','','','OOSE(P.R)','OOSE(P.R)','',''),(38,'MBA.Tech',2,'ADC','PPM','ADC(P.R)','','','MP','',''),(39,'MBA.Tech',2,'','','NT(P.R)','','','','',''),(40,'MBA.Tech',2,'','','','','','','',''),(41,'MBA.Tech',3,'MC(P.R)','MC(P.R)','','','IP','','',''),(42,'MBA.Tech',3,'IP(P.R)','IP(P.R)','','','','','',''),(43,'MBA.Tech',3,'','','','','','','',''),(44,'B.Tech',4,'','','','','','','',''),(45,'B.Tech',4,'','','','','','','',''),(46,'B.Tech',4,'','','','','','','','');

/*Table structure for table `wednesday` */

DROP TABLE IF EXISTS `wednesday`;

CREATE TABLE `wednesday` (
  `srno` int(11) NOT NULL AUTO_INCREMENT,
  `stream` varchar(50) NOT NULL,
  `year` int(11) NOT NULL,
  `nine` varchar(50) NOT NULL,
  `ten` varchar(50) NOT NULL,
  `eleven` varchar(50) NOT NULL,
  `twelve` varchar(50) NOT NULL,
  `one` varchar(50) NOT NULL,
  `two` varchar(50) NOT NULL,
  `three` varchar(50) NOT NULL,
  `four` varchar(50) NOT NULL,
  PRIMARY KEY (`srno`)
) ENGINE=InnoDB AUTO_INCREMENT=47 DEFAULT CHARSET=latin1;

/*Data for the table `wednesday` */

insert  into `wednesday`(`srno`,`stream`,`year`,`nine`,`ten`,`eleven`,`twelve`,`one`,`two`,`three`,`four`) values (29,'B.Tech',4,'MMS','MC','DC','GIS','','Project','Project',''),(30,'B.Tech',4,'','','','ICC','','','',''),(31,'B.Tech',4,'','','','','','','',''),(32,'B.Tech',2,'OS','OS','','','ADC','SP','EM','COI'),(33,'B.Tech',2,'CN','CN','','','','','',''),(34,'B.Tech',2,'ADC','ADC','','','','','',''),(35,'B.Tech',3,'IEM','','IP','','FWT(P.R)','FWT(P.R)','',''),(36,'B.Tech',3,'','','','','IP(P.R)','IP(P.R)','',''),(37,'B.Tech',3,'','','','','MAD(P.R)','MAD(P.R)','',''),(38,'MBA.Tech',2,'OS','CN','NT(P.R)','','','OS','MP',''),(39,'MBA.Tech',2,'','','CN(P.R)','','','','',''),(40,'MBA.Tech',2,'','','','','','','',''),(41,'MBA.Tech',3,'MCEP(P.R)','MCEP(P.R)','','','PM','MC','',''),(42,'MBA.Tech',3,'SS(P.R)','SS(P.R)','','','','','',''),(43,'MBA.Tech',3,'','','','','','','',''),(44,'B.Tech',4,'','','','','','','',''),(45,'B.Tech',4,'','','','','','','',''),(46,'B.Tech',4,'','','','','','','','');

/*!40101 SET SQL_MODE=@OLD_SQL_MODE */;
/*!40014 SET FOREIGN_KEY_CHECKS=@OLD_FOREIGN_KEY_CHECKS */;
/*!40014 SET UNIQUE_CHECKS=@OLD_UNIQUE_CHECKS */;
/*!40111 SET SQL_NOTES=@OLD_SQL_NOTES */;
